
** (process:89272): CRITICAL **: 10:36:57.276: Unknown RS-274X extension found %TF% at line 1 in file "/workspace/a3-control-center-pcb/manufacturing/generated/rev-a-audit/gerbers/dual_can_esp32-F_Cu.gtl"

** (process:89272): CRITICAL **: 10:36:57.276: Unknown RS-274X extension found %TF% at line 2 in file "/workspace/a3-control-center-pcb/manufacturing/generated/rev-a-audit/gerbers/dual_can_esp32-F_Cu.gtl"

** (process:89272): CRITICAL **: 10:36:57.276: Unknown RS-274X extension found %TF% at line 3 in file "/workspace/a3-control-center-pcb/manufacturing/generated/rev-a-audit/gerbers/dual_can_esp32-F_Cu.gtl"

** (process:89272): CRITICAL **: 10:36:57.276: Unknown RS-274X extension found %TF% at line 4 in file "/workspace/a3-control-center-pcb/manufacturing/generated/rev-a-audit/gerbers/dual_can_esp32-F_Cu.gtl"

** (process:89272): CRITICAL **: 10:36:57.276: Unknown RS-274X extension found %TF% at line 5 in file "/workspace/a3-control-center-pcb/manufacturing/generated/rev-a-audit/gerbers/dual_can_esp32-F_Cu.gtl"

** (process:89272): CRITICAL **: 10:36:57.276: Unknown RS-274X extension found %TF% at line 6 in file "/workspace/a3-control-center-pcb/manufacturing/generated/rev-a-audit/gerbers/dual_can_esp32-F_Cu.gtl"

** (process:89272): CRITICAL **: 10:36:57.276: Unknown RS-274X extension found %TA% at line 23 in file "/workspace/a3-control-center-pcb/manufacturing/generated/rev-a-audit/gerbers/dual_can_esp32-F_Cu.gtl"

** (process:89272): CRITICAL **: 10:36:57.276: Unknown RS-274X extension found %TD% at line 25 in file "/workspace/a3-control-center-pcb/manufacturing/generated/rev-a-audit/gerbers/dual_can_esp32-F_Cu.gtl"

** (process:89272): CRITICAL **: 10:36:57.276: Unknown RS-274X extension found %TA% at line 26 in file "/workspace/a3-control-center-pcb/manufacturing/generated/rev-a-audit/gerbers/dual_can_esp32-F_Cu.gtl"

** (process:89272): CRITICAL **: 10:36:57.276: Unknown RS-274X extension found %TD% at line 28 in file "/workspace/a3-control-center-pcb/manufacturing/generated/rev-a-audit/gerbers/dual_can_esp32-F_Cu.gtl"

** (process:89272): CRITICAL **: 10:36:57.276: Unknown RS-274X extension found %TA% at line 29 in file "/workspace/a3-control-center-pcb/manufacturing/generated/rev-a-audit/gerbers/dual_can_esp32-F_Cu.gtl"

** (process:89272): CRITICAL **: 10:36:57.276: Unknown RS-274X extension found %TD% at line 31 in file "/workspace/a3-control-center-pcb/manufacturing/generated/rev-a-audit/gerbers/dual_can_esp32-F_Cu.gtl"

** (process:89272): CRITICAL **: 10:36:57.276: Unknown RS-274X extension found %TA% at line 32 in file "/workspace/a3-control-center-pcb/manufacturing/generated/rev-a-audit/gerbers/dual_can_esp32-F_Cu.gtl"

** (process:89272): CRITICAL **: 10:36:57.276: Unknown RS-274X extension found %TD% at line 34 in file "/workspace/a3-control-center-pcb/manufacturing/generated/rev-a-audit/gerbers/dual_can_esp32-F_Cu.gtl"

** (process:89272): CRITICAL **: 10:36:57.276: Unknown RS-274X extension found %TA% at line 35 in file "/workspace/a3-control-center-pcb/manufacturing/generated/rev-a-audit/gerbers/dual_can_esp32-F_Cu.gtl"

** (process:89272): CRITICAL **: 10:36:57.276: Unknown RS-274X extension found %TD% at line 37 in file "/workspace/a3-control-center-pcb/manufacturing/generated/rev-a-audit/gerbers/dual_can_esp32-F_Cu.gtl"

** (process:89272): CRITICAL **: 10:36:57.277: Unknown RS-274X extension found %TA% at line 38 in file "/workspace/a3-control-center-pcb/manufacturing/generated/rev-a-audit/gerbers/dual_can_esp32-F_Cu.gtl"

** (process:89272): CRITICAL **: 10:36:57.277: Unknown RS-274X extension found %TD% at line 40 in file "/workspace/a3-control-center-pcb/manufacturing/generated/rev-a-audit/gerbers/dual_can_esp32-F_Cu.gtl"

** (process:89272): CRITICAL **: 10:36:57.277: Unknown RS-274X extension found %TA% at line 41 in file "/workspace/a3-control-center-pcb/manufacturing/generated/rev-a-audit/gerbers/dual_can_esp32-F_Cu.gtl"

** (process:89272): CRITICAL **: 10:36:57.277: Unknown RS-274X extension found %TD% at line 43 in file "/workspace/a3-control-center-pcb/manufacturing/generated/rev-a-audit/gerbers/dual_can_esp32-F_Cu.gtl"

** (process:89272): CRITICAL **: 10:36:57.277: Unknown RS-274X extension found %TA% at line 44 in file "/workspace/a3-control-center-pcb/manufacturing/generated/rev-a-audit/gerbers/dual_can_esp32-F_Cu.gtl"

** (process:89272): CRITICAL **: 10:36:57.277: Unknown RS-274X extension found %TD% at line 46 in file "/workspace/a3-control-center-pcb/manufacturing/generated/rev-a-audit/gerbers/dual_can_esp32-F_Cu.gtl"

** (process:89272): CRITICAL **: 10:36:57.277: Unknown RS-274X extension found %TA% at line 47 in file "/workspace/a3-control-center-pcb/manufacturing/generated/rev-a-audit/gerbers/dual_can_esp32-F_Cu.gtl"

** (process:89272): CRITICAL **: 10:36:57.277: Unknown RS-274X extension found %TD% at line 49 in file "/workspace/a3-control-center-pcb/manufacturing/generated/rev-a-audit/gerbers/dual_can_esp32-F_Cu.gtl"

** (process:89272): CRITICAL **: 10:36:57.277: Unknown RS-274X extension found %TA% at line 50 in file "/workspace/a3-control-center-pcb/manufacturing/generated/rev-a-audit/gerbers/dual_can_esp32-F_Cu.gtl"

** (process:89272): CRITICAL **: 10:36:57.277: Unknown RS-274X extension found %TD% at line 52 in file "/workspace/a3-control-center-pcb/manufacturing/generated/rev-a-audit/gerbers/dual_can_esp32-F_Cu.gtl"

** (process:89272): CRITICAL **: 10:36:57.277: Unknown RS-274X extension found %TA% at line 53 in file "/workspace/a3-control-center-pcb/manufacturing/generated/rev-a-audit/gerbers/dual_can_esp32-F_Cu.gtl"

** (process:89272): CRITICAL **: 10:36:57.277: Unknown RS-274X extension found %TD% at line 55 in file "/workspace/a3-control-center-pcb/manufacturing/generated/rev-a-audit/gerbers/dual_can_esp32-F_Cu.gtl"

** (process:89272): CRITICAL **: 10:36:57.277: Unknown RS-274X extension found %TA% at line 56 in file "/workspace/a3-control-center-pcb/manufacturing/generated/rev-a-audit/gerbers/dual_can_esp32-F_Cu.gtl"

** (process:89272): CRITICAL **: 10:36:57.277: Unknown RS-274X extension found %TD% at line 58 in file "/workspace/a3-control-center-pcb/manufacturing/generated/rev-a-audit/gerbers/dual_can_esp32-F_Cu.gtl"

** (process:89272): CRITICAL **: 10:36:57.277: Unknown RS-274X extension found %TA% at line 59 in file "/workspace/a3-control-center-pcb/manufacturing/generated/rev-a-audit/gerbers/dual_can_esp32-F_Cu.gtl"

** (process:89272): CRITICAL **: 10:36:57.278: Unknown RS-274X extension found %TD% at line 61 in file "/workspace/a3-control-center-pcb/manufacturing/generated/rev-a-audit/gerbers/dual_can_esp32-F_Cu.gtl"

** (process:89272): CRITICAL **: 10:36:57.278: Unknown RS-274X extension found %TA% at line 62 in file "/workspace/a3-control-center-pcb/manufacturing/generated/rev-a-audit/gerbers/dual_can_esp32-F_Cu.gtl"

** (process:89272): CRITICAL **: 10:36:57.278: Unknown RS-274X extension found %TD% at line 64 in file "/workspace/a3-control-center-pcb/manufacturing/generated/rev-a-audit/gerbers/dual_can_esp32-F_Cu.gtl"

** (process:89272): CRITICAL **: 10:36:57.278: Unknown RS-274X extension found %TA% at line 65 in file "/workspace/a3-control-center-pcb/manufacturing/generated/rev-a-audit/gerbers/dual_can_esp32-F_Cu.gtl"

** (process:89272): CRITICAL **: 10:36:57.278: Unknown RS-274X extension found %TD% at line 67 in file "/workspace/a3-control-center-pcb/manufacturing/generated/rev-a-audit/gerbers/dual_can_esp32-F_Cu.gtl"

** (process:89272): CRITICAL **: 10:36:57.278: Unknown RS-274X extension found %TA% at line 68 in file "/workspace/a3-control-center-pcb/manufacturing/generated/rev-a-audit/gerbers/dual_can_esp32-F_Cu.gtl"

** (process:89272): CRITICAL **: 10:36:57.278: Unknown RS-274X extension found %TD% at line 70 in file "/workspace/a3-control-center-pcb/manufacturing/generated/rev-a-audit/gerbers/dual_can_esp32-F_Cu.gtl"

** (process:89272): CRITICAL **: 10:36:57.278: Unknown RS-274X extension found %TA% at line 71 in file "/workspace/a3-control-center-pcb/manufacturing/generated/rev-a-audit/gerbers/dual_can_esp32-F_Cu.gtl"

** (process:89272): CRITICAL **: 10:36:57.278: Unknown RS-274X extension found %TD% at line 73 in file "/workspace/a3-control-center-pcb/manufacturing/generated/rev-a-audit/gerbers/dual_can_esp32-F_Cu.gtl"

** (process:89272): CRITICAL **: 10:36:57.278: Unknown RS-274X extension found %TA% at line 74 in file "/workspace/a3-control-center-pcb/manufacturing/generated/rev-a-audit/gerbers/dual_can_esp32-F_Cu.gtl"

** (process:89272): CRITICAL **: 10:36:57.278: Unknown RS-274X extension found %TD% at line 76 in file "/workspace/a3-control-center-pcb/manufacturing/generated/rev-a-audit/gerbers/dual_can_esp32-F_Cu.gtl"

** (process:89272): CRITICAL **: 10:36:57.278: Unknown RS-274X extension found %TA% at line 77 in file "/workspace/a3-control-center-pcb/manufacturing/generated/rev-a-audit/gerbers/dual_can_esp32-F_Cu.gtl"

** (process:89272): CRITICAL **: 10:36:57.278: Unknown RS-274X extension found %TD% at line 79 in file "/workspace/a3-control-center-pcb/manufacturing/generated/rev-a-audit/gerbers/dual_can_esp32-F_Cu.gtl"

** (process:89272): CRITICAL **: 10:36:57.278: Unknown RS-274X extension found %TA% at line 80 in file "/workspace/a3-control-center-pcb/manufacturing/generated/rev-a-audit/gerbers/dual_can_esp32-F_Cu.gtl"

** (process:89272): CRITICAL **: 10:36:57.278: Unknown RS-274X extension found %TD% at line 82 in file "/workspace/a3-control-center-pcb/manufacturing/generated/rev-a-audit/gerbers/dual_can_esp32-F_Cu.gtl"

** (process:89272): CRITICAL **: 10:36:57.278: Unknown RS-274X extension found %TA% at line 83 in file "/workspace/a3-control-center-pcb/manufacturing/generated/rev-a-audit/gerbers/dual_can_esp32-F_Cu.gtl"

** (process:89272): CRITICAL **: 10:36:57.278: Unknown RS-274X extension found %TD% at line 85 in file "/workspace/a3-control-center-pcb/manufacturing/generated/rev-a-audit/gerbers/dual_can_esp32-F_Cu.gtl"

** (process:89272): CRITICAL **: 10:36:57.278: Unknown RS-274X extension found %TA% at line 86 in file "/workspace/a3-control-center-pcb/manufacturing/generated/rev-a-audit/gerbers/dual_can_esp32-F_Cu.gtl"

** (process:89272): CRITICAL **: 10:36:57.278: Unknown RS-274X extension found %TD% at line 88 in file "/workspace/a3-control-center-pcb/manufacturing/generated/rev-a-audit/gerbers/dual_can_esp32-F_Cu.gtl"

** (process:89272): CRITICAL **: 10:36:57.278: Unknown RS-274X extension found %TA% at line 89 in file "/workspace/a3-control-center-pcb/manufacturing/generated/rev-a-audit/gerbers/dual_can_esp32-F_Cu.gtl"

** (process:89272): CRITICAL **: 10:36:57.278: Unknown RS-274X extension found %TD% at line 91 in file "/workspace/a3-control-center-pcb/manufacturing/generated/rev-a-audit/gerbers/dual_can_esp32-F_Cu.gtl"

** (process:89272): CRITICAL **: 10:36:57.279: Unknown RS-274X extension found %TA% at line 92 in file "/workspace/a3-control-center-pcb/manufacturing/generated/rev-a-audit/gerbers/dual_can_esp32-F_Cu.gtl"

** (process:89272): CRITICAL **: 10:36:57.279: Unknown RS-274X extension found %TD% at line 94 in file "/workspace/a3-control-center-pcb/manufacturing/generated/rev-a-audit/gerbers/dual_can_esp32-F_Cu.gtl"

** (process:89272): CRITICAL **: 10:36:57.279: Unknown RS-274X extension found %TA% at line 95 in file "/workspace/a3-control-center-pcb/manufacturing/generated/rev-a-audit/gerbers/dual_can_esp32-F_Cu.gtl"

** (process:89272): CRITICAL **: 10:36:57.279: Unknown RS-274X extension found %TD% at line 97 in file "/workspace/a3-control-center-pcb/manufacturing/generated/rev-a-audit/gerbers/dual_can_esp32-F_Cu.gtl"

** (process:89272): CRITICAL **: 10:36:57.279: Unknown RS-274X extension found %TA% at line 98 in file "/workspace/a3-control-center-pcb/manufacturing/generated/rev-a-audit/gerbers/dual_can_esp32-F_Cu.gtl"

** (process:89272): CRITICAL **: 10:36:57.279: Unknown RS-274X extension found %TD% at line 100 in file "/workspace/a3-control-center-pcb/manufacturing/generated/rev-a-audit/gerbers/dual_can_esp32-F_Cu.gtl"

** (process:89272): CRITICAL **: 10:36:57.279: Unknown RS-274X extension found %TA% at line 101 in file "/workspace/a3-control-center-pcb/manufacturing/generated/rev-a-audit/gerbers/dual_can_esp32-F_Cu.gtl"

** (process:89272): CRITICAL **: 10:36:57.279: Unknown RS-274X extension found %TD% at line 103 in file "/workspace/a3-control-center-pcb/manufacturing/generated/rev-a-audit/gerbers/dual_can_esp32-F_Cu.gtl"

** (process:89272): CRITICAL **: 10:36:57.279: Unknown RS-274X extension found %TA% at line 104 in file "/workspace/a3-control-center-pcb/manufacturing/generated/rev-a-audit/gerbers/dual_can_esp32-F_Cu.gtl"

** (process:89272): CRITICAL **: 10:36:57.279: Unknown RS-274X extension found %TD% at line 106 in file "/workspace/a3-control-center-pcb/manufacturing/generated/rev-a-audit/gerbers/dual_can_esp32-F_Cu.gtl"

** (process:89272): CRITICAL **: 10:36:57.279: Unknown RS-274X extension found %TA% at line 107 in file "/workspace/a3-control-center-pcb/manufacturing/generated/rev-a-audit/gerbers/dual_can_esp32-F_Cu.gtl"

** (process:89272): CRITICAL **: 10:36:57.279: Unknown RS-274X extension found %TD% at line 109 in file "/workspace/a3-control-center-pcb/manufacturing/generated/rev-a-audit/gerbers/dual_can_esp32-F_Cu.gtl"

** (process:89272): CRITICAL **: 10:36:57.279: Unknown RS-274X extension found %TA% at line 110 in file "/workspace/a3-control-center-pcb/manufacturing/generated/rev-a-audit/gerbers/dual_can_esp32-F_Cu.gtl"

** (process:89272): CRITICAL **: 10:36:57.279: Unknown RS-274X extension found %TD% at line 112 in file "/workspace/a3-control-center-pcb/manufacturing/generated/rev-a-audit/gerbers/dual_can_esp32-F_Cu.gtl"

** (process:89272): CRITICAL **: 10:36:57.279: Unknown RS-274X extension found %TA% at line 113 in file "/workspace/a3-control-center-pcb/manufacturing/generated/rev-a-audit/gerbers/dual_can_esp32-F_Cu.gtl"

** (process:89272): CRITICAL **: 10:36:57.279: Unknown RS-274X extension found %TD% at line 115 in file "/workspace/a3-control-center-pcb/manufacturing/generated/rev-a-audit/gerbers/dual_can_esp32-F_Cu.gtl"

** (process:89272): CRITICAL **: 10:36:57.280: Unknown RS-274X extension found %TA% at line 116 in file "/workspace/a3-control-center-pcb/manufacturing/generated/rev-a-audit/gerbers/dual_can_esp32-F_Cu.gtl"

** (process:89272): CRITICAL **: 10:36:57.280: Unknown RS-274X extension found %TD% at line 118 in file "/workspace/a3-control-center-pcb/manufacturing/generated/rev-a-audit/gerbers/dual_can_esp32-F_Cu.gtl"

** (process:89272): CRITICAL **: 10:36:57.280: Unknown RS-274X extension found %TA% at line 119 in file "/workspace/a3-control-center-pcb/manufacturing/generated/rev-a-audit/gerbers/dual_can_esp32-F_Cu.gtl"

** (process:89272): CRITICAL **: 10:36:57.280: Unknown RS-274X extension found %TD% at line 121 in file "/workspace/a3-control-center-pcb/manufacturing/generated/rev-a-audit/gerbers/dual_can_esp32-F_Cu.gtl"

** (process:89272): CRITICAL **: 10:36:57.280: Unknown RS-274X extension found %TA% at line 122 in file "/workspace/a3-control-center-pcb/manufacturing/generated/rev-a-audit/gerbers/dual_can_esp32-F_Cu.gtl"

** (process:89272): CRITICAL **: 10:36:57.280: Unknown RS-274X extension found %TD% at line 124 in file "/workspace/a3-control-center-pcb/manufacturing/generated/rev-a-audit/gerbers/dual_can_esp32-F_Cu.gtl"

** (process:89272): CRITICAL **: 10:36:57.280: Unknown RS-274X extension found %TA% at line 125 in file "/workspace/a3-control-center-pcb/manufacturing/generated/rev-a-audit/gerbers/dual_can_esp32-F_Cu.gtl"

** (process:89272): CRITICAL **: 10:36:57.280: Unknown RS-274X extension found %TD% at line 127 in file "/workspace/a3-control-center-pcb/manufacturing/generated/rev-a-audit/gerbers/dual_can_esp32-F_Cu.gtl"

** (process:89272): CRITICAL **: 10:36:57.280: Unknown RS-274X extension found %TA% at line 128 in file "/workspace/a3-control-center-pcb/manufacturing/generated/rev-a-audit/gerbers/dual_can_esp32-F_Cu.gtl"

** (process:89272): CRITICAL **: 10:36:57.280: Unknown RS-274X extension found %TD% at line 130 in file "/workspace/a3-control-center-pcb/manufacturing/generated/rev-a-audit/gerbers/dual_can_esp32-F_Cu.gtl"

** (process:89272): CRITICAL **: 10:36:57.280: Unknown RS-274X extension found %TA% at line 131 in file "/workspace/a3-control-center-pcb/manufacturing/generated/rev-a-audit/gerbers/dual_can_esp32-F_Cu.gtl"

** (process:89272): CRITICAL **: 10:36:57.280: Unknown RS-274X extension found %TD% at line 133 in file "/workspace/a3-control-center-pcb/manufacturing/generated/rev-a-audit/gerbers/dual_can_esp32-F_Cu.gtl"

** (process:89272): CRITICAL **: 10:36:57.280: Unknown RS-274X extension found %TA% at line 134 in file "/workspace/a3-control-center-pcb/manufacturing/generated/rev-a-audit/gerbers/dual_can_esp32-F_Cu.gtl"

** (process:89272): CRITICAL **: 10:36:57.280: Unknown RS-274X extension found %TD% at line 136 in file "/workspace/a3-control-center-pcb/manufacturing/generated/rev-a-audit/gerbers/dual_can_esp32-F_Cu.gtl"

** (process:89272): CRITICAL **: 10:36:57.280: Unknown RS-274X extension found %TA% at line 137 in file "/workspace/a3-control-center-pcb/manufacturing/generated/rev-a-audit/gerbers/dual_can_esp32-F_Cu.gtl"

** (process:89272): CRITICAL **: 10:36:57.280: Unknown RS-274X extension found %TD% at line 139 in file "/workspace/a3-control-center-pcb/manufacturing/generated/rev-a-audit/gerbers/dual_can_esp32-F_Cu.gtl"

** (process:89272): CRITICAL **: 10:36:57.281: Unknown RS-274X extension found %TA% at line 140 in file "/workspace/a3-control-center-pcb/manufacturing/generated/rev-a-audit/gerbers/dual_can_esp32-F_Cu.gtl"

** (process:89272): CRITICAL **: 10:36:57.281: Unknown RS-274X extension found %TD% at line 142 in file "/workspace/a3-control-center-pcb/manufacturing/generated/rev-a-audit/gerbers/dual_can_esp32-F_Cu.gtl"

** (process:89272): CRITICAL **: 10:36:57.281: Unknown RS-274X extension found %TA% at line 143 in file "/workspace/a3-control-center-pcb/manufacturing/generated/rev-a-audit/gerbers/dual_can_esp32-F_Cu.gtl"

** (process:89272): CRITICAL **: 10:36:57.281: Unknown RS-274X extension found %TD% at line 145 in file "/workspace/a3-control-center-pcb/manufacturing/generated/rev-a-audit/gerbers/dual_can_esp32-F_Cu.gtl"

** (process:89272): CRITICAL **: 10:36:57.281: Unknown RS-274X extension found %TA% at line 146 in file "/workspace/a3-control-center-pcb/manufacturing/generated/rev-a-audit/gerbers/dual_can_esp32-F_Cu.gtl"

** (process:89272): CRITICAL **: 10:36:57.281: Unknown RS-274X extension found %TD% at line 148 in file "/workspace/a3-control-center-pcb/manufacturing/generated/rev-a-audit/gerbers/dual_can_esp32-F_Cu.gtl"

** (process:89272): CRITICAL **: 10:36:57.281: Unknown RS-274X extension found %TA% at line 149 in file "/workspace/a3-control-center-pcb/manufacturing/generated/rev-a-audit/gerbers/dual_can_esp32-F_Cu.gtl"

** (process:89272): CRITICAL **: 10:36:57.281: Unknown RS-274X extension found %TD% at line 151 in file "/workspace/a3-control-center-pcb/manufacturing/generated/rev-a-audit/gerbers/dual_can_esp32-F_Cu.gtl"

** (process:89272): CRITICAL **: 10:36:57.281: Unknown RS-274X extension found %TA% at line 152 in file "/workspace/a3-control-center-pcb/manufacturing/generated/rev-a-audit/gerbers/dual_can_esp32-F_Cu.gtl"

** (process:89272): CRITICAL **: 10:36:57.281: Unknown RS-274X extension found %TD% at line 154 in file "/workspace/a3-control-center-pcb/manufacturing/generated/rev-a-audit/gerbers/dual_can_esp32-F_Cu.gtl"

** (process:89272): CRITICAL **: 10:36:57.281: Unknown RS-274X extension found %TA% at line 155 in file "/workspace/a3-control-center-pcb/manufacturing/generated/rev-a-audit/gerbers/dual_can_esp32-F_Cu.gtl"

** (process:89272): CRITICAL **: 10:36:57.281: Unknown RS-274X extension found %TD% at line 157 in file "/workspace/a3-control-center-pcb/manufacturing/generated/rev-a-audit/gerbers/dual_can_esp32-F_Cu.gtl"

** (process:89272): CRITICAL **: 10:36:57.281: Unknown RS-274X extension found %TA% at line 158 in file "/workspace/a3-control-center-pcb/manufacturing/generated/rev-a-audit/gerbers/dual_can_esp32-F_Cu.gtl"

** (process:89272): CRITICAL **: 10:36:57.281: Unknown RS-274X extension found %TD% at line 160 in file "/workspace/a3-control-center-pcb/manufacturing/generated/rev-a-audit/gerbers/dual_can_esp32-F_Cu.gtl"

** (process:89272): CRITICAL **: 10:36:57.281: Unknown RS-274X extension found %TA% at line 161 in file "/workspace/a3-control-center-pcb/manufacturing/generated/rev-a-audit/gerbers/dual_can_esp32-F_Cu.gtl"

** (process:89272): CRITICAL **: 10:36:57.281: Unknown RS-274X extension found %TD% at line 163 in file "/workspace/a3-control-center-pcb/manufacturing/generated/rev-a-audit/gerbers/dual_can_esp32-F_Cu.gtl"

** (process:89272): CRITICAL **: 10:36:57.281: Unknown RS-274X extension found %TA% at line 164 in file "/workspace/a3-control-center-pcb/manufacturing/generated/rev-a-audit/gerbers/dual_can_esp32-F_Cu.gtl"

** (process:89272): CRITICAL **: 10:36:57.281: Unknown RS-274X extension found %TD% at line 166 in file "/workspace/a3-control-center-pcb/manufacturing/generated/rev-a-audit/gerbers/dual_can_esp32-F_Cu.gtl"

** (process:89272): CRITICAL **: 10:36:57.281: Unknown RS-274X extension found %TA% at line 167 in file "/workspace/a3-control-center-pcb/manufacturing/generated/rev-a-audit/gerbers/dual_can_esp32-F_Cu.gtl"

** (process:89272): CRITICAL **: 10:36:57.281: Unknown RS-274X extension found %TD% at line 169 in file "/workspace/a3-control-center-pcb/manufacturing/generated/rev-a-audit/gerbers/dual_can_esp32-F_Cu.gtl"

** (process:89272): CRITICAL **: 10:36:57.281: Unknown RS-274X extension found %TA% at line 170 in file "/workspace/a3-control-center-pcb/manufacturing/generated/rev-a-audit/gerbers/dual_can_esp32-F_Cu.gtl"

** (process:89272): CRITICAL **: 10:36:57.281: Unknown RS-274X extension found %TD% at line 172 in file "/workspace/a3-control-center-pcb/manufacturing/generated/rev-a-audit/gerbers/dual_can_esp32-F_Cu.gtl"

** (process:89272): CRITICAL **: 10:36:57.281: Unknown RS-274X extension found %TA% at line 173 in file "/workspace/a3-control-center-pcb/manufacturing/generated/rev-a-audit/gerbers/dual_can_esp32-F_Cu.gtl"

** (process:89272): CRITICAL **: 10:36:57.282: Unknown RS-274X extension found %TD% at line 175 in file "/workspace/a3-control-center-pcb/manufacturing/generated/rev-a-audit/gerbers/dual_can_esp32-F_Cu.gtl"

** (process:89272): CRITICAL **: 10:36:57.282: Unknown RS-274X extension found %TA% at line 176 in file "/workspace/a3-control-center-pcb/manufacturing/generated/rev-a-audit/gerbers/dual_can_esp32-F_Cu.gtl"

** (process:89272): CRITICAL **: 10:36:57.282: Unknown RS-274X extension found %TD% at line 178 in file "/workspace/a3-control-center-pcb/manufacturing/generated/rev-a-audit/gerbers/dual_can_esp32-F_Cu.gtl"

** (process:89272): CRITICAL **: 10:36:57.282: Unknown RS-274X extension found %TA% at line 179 in file "/workspace/a3-control-center-pcb/manufacturing/generated/rev-a-audit/gerbers/dual_can_esp32-F_Cu.gtl"

** (process:89272): CRITICAL **: 10:36:57.282: Unknown RS-274X extension found %TD% at line 181 in file "/workspace/a3-control-center-pcb/manufacturing/generated/rev-a-audit/gerbers/dual_can_esp32-F_Cu.gtl"

** (process:89272): CRITICAL **: 10:36:57.282: Unknown RS-274X extension found %TA% at line 182 in file "/workspace/a3-control-center-pcb/manufacturing/generated/rev-a-audit/gerbers/dual_can_esp32-F_Cu.gtl"

** (process:89272): CRITICAL **: 10:36:57.282: Unknown RS-274X extension found %TD% at line 184 in file "/workspace/a3-control-center-pcb/manufacturing/generated/rev-a-audit/gerbers/dual_can_esp32-F_Cu.gtl"

** (process:89272): CRITICAL **: 10:36:57.282: Unknown RS-274X extension found %TA% at line 185 in file "/workspace/a3-control-center-pcb/manufacturing/generated/rev-a-audit/gerbers/dual_can_esp32-F_Cu.gtl"

** (process:89272): CRITICAL **: 10:36:57.282: Unknown RS-274X extension found %TD% at line 187 in file "/workspace/a3-control-center-pcb/manufacturing/generated/rev-a-audit/gerbers/dual_can_esp32-F_Cu.gtl"

** (process:89272): CRITICAL **: 10:36:57.282: Unknown RS-274X extension found %TA% at line 188 in file "/workspace/a3-control-center-pcb/manufacturing/generated/rev-a-audit/gerbers/dual_can_esp32-F_Cu.gtl"

** (process:89272): CRITICAL **: 10:36:57.282: Unknown RS-274X extension found %TD% at line 190 in file "/workspace/a3-control-center-pcb/manufacturing/generated/rev-a-audit/gerbers/dual_can_esp32-F_Cu.gtl"

** (process:89272): CRITICAL **: 10:36:57.282: Unknown RS-274X extension found %TA% at line 191 in file "/workspace/a3-control-center-pcb/manufacturing/generated/rev-a-audit/gerbers/dual_can_esp32-F_Cu.gtl"

** (process:89272): CRITICAL **: 10:36:57.282: Unknown RS-274X extension found %TD% at line 193 in file "/workspace/a3-control-center-pcb/manufacturing/generated/rev-a-audit/gerbers/dual_can_esp32-F_Cu.gtl"

** (process:89272): CRITICAL **: 10:36:57.282: Unknown RS-274X extension found %TA% at line 194 in file "/workspace/a3-control-center-pcb/manufacturing/generated/rev-a-audit/gerbers/dual_can_esp32-F_Cu.gtl"

** (process:89272): CRITICAL **: 10:36:57.282: Unknown RS-274X extension found %TD% at line 196 in file "/workspace/a3-control-center-pcb/manufacturing/generated/rev-a-audit/gerbers/dual_can_esp32-F_Cu.gtl"

** (process:89272): CRITICAL **: 10:36:57.282: Unknown RS-274X extension found %TA% at line 197 in file "/workspace/a3-control-center-pcb/manufacturing/generated/rev-a-audit/gerbers/dual_can_esp32-F_Cu.gtl"

** (process:89272): CRITICAL **: 10:36:57.282: Unknown RS-274X extension found %TD% at line 199 in file "/workspace/a3-control-center-pcb/manufacturing/generated/rev-a-audit/gerbers/dual_can_esp32-F_Cu.gtl"

** (process:89272): CRITICAL **: 10:36:57.282: Unknown RS-274X extension found %TA% at line 200 in file "/workspace/a3-control-center-pcb/manufacturing/generated/rev-a-audit/gerbers/dual_can_esp32-F_Cu.gtl"

** (process:89272): CRITICAL **: 10:36:57.282: Unknown RS-274X extension found %TD% at line 202 in file "/workspace/a3-control-center-pcb/manufacturing/generated/rev-a-audit/gerbers/dual_can_esp32-F_Cu.gtl"

** (process:89272): CRITICAL **: 10:36:57.282: Unknown RS-274X extension found %TA% at line 203 in file "/workspace/a3-control-center-pcb/manufacturing/generated/rev-a-audit/gerbers/dual_can_esp32-F_Cu.gtl"

** (process:89272): CRITICAL **: 10:36:57.282: Unknown RS-274X extension found %TD% at line 205 in file "/workspace/a3-control-center-pcb/manufacturing/generated/rev-a-audit/gerbers/dual_can_esp32-F_Cu.gtl"

** (process:89272): CRITICAL **: 10:36:57.282: Unknown RS-274X extension found %TA% at line 206 in file "/workspace/a3-control-center-pcb/manufacturing/generated/rev-a-audit/gerbers/dual_can_esp32-F_Cu.gtl"

** (process:89272): CRITICAL **: 10:36:57.282: Unknown RS-274X extension found %TD% at line 208 in file "/workspace/a3-control-center-pcb/manufacturing/generated/rev-a-audit/gerbers/dual_can_esp32-F_Cu.gtl"

** (process:89272): CRITICAL **: 10:36:57.282: Unknown RS-274X extension found %TA% at line 209 in file "/workspace/a3-control-center-pcb/manufacturing/generated/rev-a-audit/gerbers/dual_can_esp32-F_Cu.gtl"

** (process:89272): CRITICAL **: 10:36:57.283: Unknown RS-274X extension found %TD% at line 211 in file "/workspace/a3-control-center-pcb/manufacturing/generated/rev-a-audit/gerbers/dual_can_esp32-F_Cu.gtl"

** (process:89272): CRITICAL **: 10:36:57.283: Unknown RS-274X extension found %TA% at line 212 in file "/workspace/a3-control-center-pcb/manufacturing/generated/rev-a-audit/gerbers/dual_can_esp32-F_Cu.gtl"

** (process:89272): CRITICAL **: 10:36:57.283: Unknown RS-274X extension found %TD% at line 214 in file "/workspace/a3-control-center-pcb/manufacturing/generated/rev-a-audit/gerbers/dual_can_esp32-F_Cu.gtl"

** (process:89272): CRITICAL **: 10:36:57.283: Unknown RS-274X extension found %TA% at line 215 in file "/workspace/a3-control-center-pcb/manufacturing/generated/rev-a-audit/gerbers/dual_can_esp32-F_Cu.gtl"

** (process:89272): CRITICAL **: 10:36:57.283: Unknown RS-274X extension found %TD% at line 217 in file "/workspace/a3-control-center-pcb/manufacturing/generated/rev-a-audit/gerbers/dual_can_esp32-F_Cu.gtl"

** (process:89272): CRITICAL **: 10:36:57.283: Unknown RS-274X extension found %TA% at line 218 in file "/workspace/a3-control-center-pcb/manufacturing/generated/rev-a-audit/gerbers/dual_can_esp32-F_Cu.gtl"

** (process:89272): CRITICAL **: 10:36:57.283: Unknown RS-274X extension found %TD% at line 220 in file "/workspace/a3-control-center-pcb/manufacturing/generated/rev-a-audit/gerbers/dual_can_esp32-F_Cu.gtl"

** (process:89272): CRITICAL **: 10:36:57.283: Unknown RS-274X extension found %TA% at line 221 in file "/workspace/a3-control-center-pcb/manufacturing/generated/rev-a-audit/gerbers/dual_can_esp32-F_Cu.gtl"

** (process:89272): CRITICAL **: 10:36:57.283: Unknown RS-274X extension found %TD% at line 223 in file "/workspace/a3-control-center-pcb/manufacturing/generated/rev-a-audit/gerbers/dual_can_esp32-F_Cu.gtl"

** (process:89272): CRITICAL **: 10:36:57.283: Unknown RS-274X extension found %TA% at line 226 in file "/workspace/a3-control-center-pcb/manufacturing/generated/rev-a-audit/gerbers/dual_can_esp32-F_Cu.gtl"

** (process:89272): CRITICAL **: 10:36:57.283: Unknown RS-274X extension found %TO% at line 227 in file "/workspace/a3-control-center-pcb/manufacturing/generated/rev-a-audit/gerbers/dual_can_esp32-F_Cu.gtl"

** (process:89272): CRITICAL **: 10:36:57.283: Unknown RS-274X extension found %TD% at line 236 in file "/workspace/a3-control-center-pcb/manufacturing/generated/rev-a-audit/gerbers/dual_can_esp32-F_Cu.gtl"

** (process:89272): CRITICAL **: 10:36:57.283: Unknown RS-274X extension found %TD% at line 237 in file "/workspace/a3-control-center-pcb/manufacturing/generated/rev-a-audit/gerbers/dual_can_esp32-F_Cu.gtl"

** (process:89272): CRITICAL **: 10:36:57.283: Unknown RS-274X extension found %TO% at line 239 in file "/workspace/a3-control-center-pcb/manufacturing/generated/rev-a-audit/gerbers/dual_can_esp32-F_Cu.gtl"

** (process:89272): CRITICAL **: 10:36:57.283: Unknown RS-274X extension found %TO% at line 240 in file "/workspace/a3-control-center-pcb/manufacturing/generated/rev-a-audit/gerbers/dual_can_esp32-F_Cu.gtl"

** (process:89272): CRITICAL **: 10:36:57.283: Unknown RS-274X extension found %TD% at line 242 in file "/workspace/a3-control-center-pcb/manufacturing/generated/rev-a-audit/gerbers/dual_can_esp32-F_Cu.gtl"

** (process:89272): CRITICAL **: 10:36:57.283: Unknown RS-274X extension found %TO% at line 243 in file "/workspace/a3-control-center-pcb/manufacturing/generated/rev-a-audit/gerbers/dual_can_esp32-F_Cu.gtl"

** (process:89272): CRITICAL **: 10:36:57.283: Unknown RS-274X extension found %TO% at line 244 in file "/workspace/a3-control-center-pcb/manufacturing/generated/rev-a-audit/gerbers/dual_can_esp32-F_Cu.gtl"

** (process:89272): CRITICAL **: 10:36:57.283: Unknown RS-274X extension found %TD% at line 246 in file "/workspace/a3-control-center-pcb/manufacturing/generated/rev-a-audit/gerbers/dual_can_esp32-F_Cu.gtl"

** (process:89272): CRITICAL **: 10:36:57.283: Unknown RS-274X extension found %TO% at line 248 in file "/workspace/a3-control-center-pcb/manufacturing/generated/rev-a-audit/gerbers/dual_can_esp32-F_Cu.gtl"

** (process:89272): CRITICAL **: 10:36:57.283: Unknown RS-274X extension found %TO% at line 249 in file "/workspace/a3-control-center-pcb/manufacturing/generated/rev-a-audit/gerbers/dual_can_esp32-F_Cu.gtl"

** (process:89272): CRITICAL **: 10:36:57.283: Unknown RS-274X extension found %TO% at line 251 in file "/workspace/a3-control-center-pcb/manufacturing/generated/rev-a-audit/gerbers/dual_can_esp32-F_Cu.gtl"

** (process:89272): CRITICAL **: 10:36:57.283: Unknown RS-274X extension found %TO% at line 252 in file "/workspace/a3-control-center-pcb/manufacturing/generated/rev-a-audit/gerbers/dual_can_esp32-F_Cu.gtl"

** (process:89272): CRITICAL **: 10:36:57.283: Unknown RS-274X extension found %TD% at line 254 in file "/workspace/a3-control-center-pcb/manufacturing/generated/rev-a-audit/gerbers/dual_can_esp32-F_Cu.gtl"

** (process:89272): CRITICAL **: 10:36:57.283: Unknown RS-274X extension found %TO% at line 256 in file "/workspace/a3-control-center-pcb/manufacturing/generated/rev-a-audit/gerbers/dual_can_esp32-F_Cu.gtl"

** (process:89272): CRITICAL **: 10:36:57.284: Unknown RS-274X extension found %TO% at line 257 in file "/workspace/a3-control-center-pcb/manufacturing/generated/rev-a-audit/gerbers/dual_can_esp32-F_Cu.gtl"

** (process:89272): CRITICAL **: 10:36:57.284: Unknown RS-274X extension found %TO% at line 259 in file "/workspace/a3-control-center-pcb/manufacturing/generated/rev-a-audit/gerbers/dual_can_esp32-F_Cu.gtl"

** (process:89272): CRITICAL **: 10:36:57.284: Unknown RS-274X extension found %TO% at line 260 in file "/workspace/a3-control-center-pcb/manufacturing/generated/rev-a-audit/gerbers/dual_can_esp32-F_Cu.gtl"

** (process:89272): CRITICAL **: 10:36:57.284: Unknown RS-274X extension found %TD% at line 262 in file "/workspace/a3-control-center-pcb/manufacturing/generated/rev-a-audit/gerbers/dual_can_esp32-F_Cu.gtl"

** (process:89272): CRITICAL **: 10:36:57.284: Unknown RS-274X extension found %TO% at line 264 in file "/workspace/a3-control-center-pcb/manufacturing/generated/rev-a-audit/gerbers/dual_can_esp32-F_Cu.gtl"

** (process:89272): CRITICAL **: 10:36:57.284: Unknown RS-274X extension found %TO% at line 265 in file "/workspace/a3-control-center-pcb/manufacturing/generated/rev-a-audit/gerbers/dual_can_esp32-F_Cu.gtl"

** (process:89272): CRITICAL **: 10:36:57.284: Unknown RS-274X extension found %TO% at line 267 in file "/workspace/a3-control-center-pcb/manufacturing/generated/rev-a-audit/gerbers/dual_can_esp32-F_Cu.gtl"

** (process:89272): CRITICAL **: 10:36:57.284: Unknown RS-274X extension found %TO% at line 268 in file "/workspace/a3-control-center-pcb/manufacturing/generated/rev-a-audit/gerbers/dual_can_esp32-F_Cu.gtl"

** (process:89272): CRITICAL **: 10:36:57.284: Unknown RS-274X extension found %TO% at line 270 in file "/workspace/a3-control-center-pcb/manufacturing/generated/rev-a-audit/gerbers/dual_can_esp32-F_Cu.gtl"

** (process:89272): CRITICAL **: 10:36:57.284: Unknown RS-274X extension found %TO% at line 271 in file "/workspace/a3-control-center-pcb/manufacturing/generated/rev-a-audit/gerbers/dual_can_esp32-F_Cu.gtl"

** (process:89272): CRITICAL **: 10:36:57.284: Unknown RS-274X extension found %TD% at line 273 in file "/workspace/a3-control-center-pcb/manufacturing/generated/rev-a-audit/gerbers/dual_can_esp32-F_Cu.gtl"

** (process:89272): CRITICAL **: 10:36:57.284: Unknown RS-274X extension found %TO% at line 275 in file "/workspace/a3-control-center-pcb/manufacturing/generated/rev-a-audit/gerbers/dual_can_esp32-F_Cu.gtl"

** (process:89272): CRITICAL **: 10:36:57.284: Unknown RS-274X extension found %TO% at line 276 in file "/workspace/a3-control-center-pcb/manufacturing/generated/rev-a-audit/gerbers/dual_can_esp32-F_Cu.gtl"

** (process:89272): CRITICAL **: 10:36:57.284: Unknown RS-274X extension found %TO% at line 278 in file "/workspace/a3-control-center-pcb/manufacturing/generated/rev-a-audit/gerbers/dual_can_esp32-F_Cu.gtl"

** (process:89272): CRITICAL **: 10:36:57.284: Unknown RS-274X extension found %TO% at line 279 in file "/workspace/a3-control-center-pcb/manufacturing/generated/rev-a-audit/gerbers/dual_can_esp32-F_Cu.gtl"

** (process:89272): CRITICAL **: 10:36:57.284: Unknown RS-274X extension found %TD% at line 281 in file "/workspace/a3-control-center-pcb/manufacturing/generated/rev-a-audit/gerbers/dual_can_esp32-F_Cu.gtl"

** (process:89272): CRITICAL **: 10:36:57.284: Unknown RS-274X extension found %TO% at line 283 in file "/workspace/a3-control-center-pcb/manufacturing/generated/rev-a-audit/gerbers/dual_can_esp32-F_Cu.gtl"

** (process:89272): CRITICAL **: 10:36:57.284: Unknown RS-274X extension found %TO% at line 284 in file "/workspace/a3-control-center-pcb/manufacturing/generated/rev-a-audit/gerbers/dual_can_esp32-F_Cu.gtl"

** (process:89272): CRITICAL **: 10:36:57.284: Unknown RS-274X extension found %TD% at line 286 in file "/workspace/a3-control-center-pcb/manufacturing/generated/rev-a-audit/gerbers/dual_can_esp32-F_Cu.gtl"

** (process:89272): CRITICAL **: 10:36:57.284: Unknown RS-274X extension found %TO% at line 288 in file "/workspace/a3-control-center-pcb/manufacturing/generated/rev-a-audit/gerbers/dual_can_esp32-F_Cu.gtl"

** (process:89272): CRITICAL **: 10:36:57.284: Unknown RS-274X extension found %TO% at line 289 in file "/workspace/a3-control-center-pcb/manufacturing/generated/rev-a-audit/gerbers/dual_can_esp32-F_Cu.gtl"

** (process:89272): CRITICAL **: 10:36:57.285: Unknown RS-274X extension found %TO% at line 291 in file "/workspace/a3-control-center-pcb/manufacturing/generated/rev-a-audit/gerbers/dual_can_esp32-F_Cu.gtl"

** (process:89272): CRITICAL **: 10:36:57.285: Unknown RS-274X extension found %TO% at line 292 in file "/workspace/a3-control-center-pcb/manufacturing/generated/rev-a-audit/gerbers/dual_can_esp32-F_Cu.gtl"

** (process:89272): CRITICAL **: 10:36:57.285: Unknown RS-274X extension found %TD% at line 294 in file "/workspace/a3-control-center-pcb/manufacturing/generated/rev-a-audit/gerbers/dual_can_esp32-F_Cu.gtl"

** (process:89272): CRITICAL **: 10:36:57.285: Unknown RS-274X extension found %TO% at line 296 in file "/workspace/a3-control-center-pcb/manufacturing/generated/rev-a-audit/gerbers/dual_can_esp32-F_Cu.gtl"

** (process:89272): CRITICAL **: 10:36:57.285: Unknown RS-274X extension found %TO% at line 297 in file "/workspace/a3-control-center-pcb/manufacturing/generated/rev-a-audit/gerbers/dual_can_esp32-F_Cu.gtl"

** (process:89272): CRITICAL **: 10:36:57.285: Unknown RS-274X extension found %TO% at line 299 in file "/workspace/a3-control-center-pcb/manufacturing/generated/rev-a-audit/gerbers/dual_can_esp32-F_Cu.gtl"

** (process:89272): CRITICAL **: 10:36:57.285: Unknown RS-274X extension found %TO% at line 300 in file "/workspace/a3-control-center-pcb/manufacturing/generated/rev-a-audit/gerbers/dual_can_esp32-F_Cu.gtl"

** (process:89272): CRITICAL **: 10:36:57.285: Unknown RS-274X extension found %TD% at line 302 in file "/workspace/a3-control-center-pcb/manufacturing/generated/rev-a-audit/gerbers/dual_can_esp32-F_Cu.gtl"

** (process:89272): CRITICAL **: 10:36:57.285: Unknown RS-274X extension found %TO% at line 304 in file "/workspace/a3-control-center-pcb/manufacturing/generated/rev-a-audit/gerbers/dual_can_esp32-F_Cu.gtl"

** (process:89272): CRITICAL **: 10:36:57.285: Unknown RS-274X extension found %TO% at line 305 in file "/workspace/a3-control-center-pcb/manufacturing/generated/rev-a-audit/gerbers/dual_can_esp32-F_Cu.gtl"

** (process:89272): CRITICAL **: 10:36:57.285: Unknown RS-274X extension found %TO% at line 310 in file "/workspace/a3-control-center-pcb/manufacturing/generated/rev-a-audit/gerbers/dual_can_esp32-F_Cu.gtl"

** (process:89272): CRITICAL **: 10:36:57.285: Unknown RS-274X extension found %TO% at line 311 in file "/workspace/a3-control-center-pcb/manufacturing/generated/rev-a-audit/gerbers/dual_can_esp32-F_Cu.gtl"

** (process:89272): CRITICAL **: 10:36:57.285: Unknown RS-274X extension found %TD% at line 313 in file "/workspace/a3-control-center-pcb/manufacturing/generated/rev-a-audit/gerbers/dual_can_esp32-F_Cu.gtl"

** (process:89272): CRITICAL **: 10:36:57.285: Unknown RS-274X extension found %TO% at line 315 in file "/workspace/a3-control-center-pcb/manufacturing/generated/rev-a-audit/gerbers/dual_can_esp32-F_Cu.gtl"

** (process:89272): CRITICAL **: 10:36:57.285: Unknown RS-274X extension found %TO% at line 316 in file "/workspace/a3-control-center-pcb/manufacturing/generated/rev-a-audit/gerbers/dual_can_esp32-F_Cu.gtl"

** (process:89272): CRITICAL **: 10:36:57.285: Unknown RS-274X extension found %TO% at line 318 in file "/workspace/a3-control-center-pcb/manufacturing/generated/rev-a-audit/gerbers/dual_can_esp32-F_Cu.gtl"

** (process:89272): CRITICAL **: 10:36:57.285: Unknown RS-274X extension found %TO% at line 319 in file "/workspace/a3-control-center-pcb/manufacturing/generated/rev-a-audit/gerbers/dual_can_esp32-F_Cu.gtl"

** (process:89272): CRITICAL **: 10:36:57.285: Unknown RS-274X extension found %TD% at line 321 in file "/workspace/a3-control-center-pcb/manufacturing/generated/rev-a-audit/gerbers/dual_can_esp32-F_Cu.gtl"

** (process:89272): CRITICAL **: 10:36:57.285: Unknown RS-274X extension found %TO% at line 322 in file "/workspace/a3-control-center-pcb/manufacturing/generated/rev-a-audit/gerbers/dual_can_esp32-F_Cu.gtl"

** (process:89272): CRITICAL **: 10:36:57.285: Unknown RS-274X extension found %TO% at line 323 in file "/workspace/a3-control-center-pcb/manufacturing/generated/rev-a-audit/gerbers/dual_can_esp32-F_Cu.gtl"

** (process:89272): CRITICAL **: 10:36:57.285: Unknown RS-274X extension found %TO% at line 325 in file "/workspace/a3-control-center-pcb/manufacturing/generated/rev-a-audit/gerbers/dual_can_esp32-F_Cu.gtl"

** (process:89272): CRITICAL **: 10:36:57.285: Unknown RS-274X extension found %TO% at line 326 in file "/workspace/a3-control-center-pcb/manufacturing/generated/rev-a-audit/gerbers/dual_can_esp32-F_Cu.gtl"

** (process:89272): CRITICAL **: 10:36:57.286: Unknown RS-274X extension found %TD% at line 328 in file "/workspace/a3-control-center-pcb/manufacturing/generated/rev-a-audit/gerbers/dual_can_esp32-F_Cu.gtl"

** (process:89272): CRITICAL **: 10:36:57.286: Unknown RS-274X extension found %TO% at line 330 in file "/workspace/a3-control-center-pcb/manufacturing/generated/rev-a-audit/gerbers/dual_can_esp32-F_Cu.gtl"

** (process:89272): CRITICAL **: 10:36:57.286: Unknown RS-274X extension found %TO% at line 331 in file "/workspace/a3-control-center-pcb/manufacturing/generated/rev-a-audit/gerbers/dual_can_esp32-F_Cu.gtl"

** (process:89272): CRITICAL **: 10:36:57.286: Unknown RS-274X extension found %TO% at line 333 in file "/workspace/a3-control-center-pcb/manufacturing/generated/rev-a-audit/gerbers/dual_can_esp32-F_Cu.gtl"

** (process:89272): CRITICAL **: 10:36:57.286: Unknown RS-274X extension found %TO% at line 334 in file "/workspace/a3-control-center-pcb/manufacturing/generated/rev-a-audit/gerbers/dual_can_esp32-F_Cu.gtl"

** (process:89272): CRITICAL **: 10:36:57.286: Unknown RS-274X extension found %TD% at line 336 in file "/workspace/a3-control-center-pcb/manufacturing/generated/rev-a-audit/gerbers/dual_can_esp32-F_Cu.gtl"

** (process:89272): CRITICAL **: 10:36:57.286: Unknown RS-274X extension found %TO% at line 338 in file "/workspace/a3-control-center-pcb/manufacturing/generated/rev-a-audit/gerbers/dual_can_esp32-F_Cu.gtl"

** (process:89272): CRITICAL **: 10:36:57.286: Unknown RS-274X extension found %TO% at line 339 in file "/workspace/a3-control-center-pcb/manufacturing/generated/rev-a-audit/gerbers/dual_can_esp32-F_Cu.gtl"

** (process:89272): CRITICAL **: 10:36:57.286: Unknown RS-274X extension found %TO% at line 341 in file "/workspace/a3-control-center-pcb/manufacturing/generated/rev-a-audit/gerbers/dual_can_esp32-F_Cu.gtl"

** (process:89272): CRITICAL **: 10:36:57.286: Unknown RS-274X extension found %TO% at line 342 in file "/workspace/a3-control-center-pcb/manufacturing/generated/rev-a-audit/gerbers/dual_can_esp32-F_Cu.gtl"

** (process:89272): CRITICAL **: 10:36:57.286: Unknown RS-274X extension found %TD% at line 344 in file "/workspace/a3-control-center-pcb/manufacturing/generated/rev-a-audit/gerbers/dual_can_esp32-F_Cu.gtl"

** (process:89272): CRITICAL **: 10:36:57.286: Unknown RS-274X extension found %TO% at line 346 in file "/workspace/a3-control-center-pcb/manufacturing/generated/rev-a-audit/gerbers/dual_can_esp32-F_Cu.gtl"

** (process:89272): CRITICAL **: 10:36:57.286: Unknown RS-274X extension found %TO% at line 347 in file "/workspace/a3-control-center-pcb/manufacturing/generated/rev-a-audit/gerbers/dual_can_esp32-F_Cu.gtl"

** (process:89272): CRITICAL **: 10:36:57.286: Unknown RS-274X extension found %TO% at line 349 in file "/workspace/a3-control-center-pcb/manufacturing/generated/rev-a-audit/gerbers/dual_can_esp32-F_Cu.gtl"

** (process:89272): CRITICAL **: 10:36:57.286: Unknown RS-274X extension found %TO% at line 350 in file "/workspace/a3-control-center-pcb/manufacturing/generated/rev-a-audit/gerbers/dual_can_esp32-F_Cu.gtl"

** (process:89272): CRITICAL **: 10:36:57.286: Unknown RS-274X extension found %TD% at line 352 in file "/workspace/a3-control-center-pcb/manufacturing/generated/rev-a-audit/gerbers/dual_can_esp32-F_Cu.gtl"

** (process:89272): CRITICAL **: 10:36:57.286: Unknown RS-274X extension found %TO% at line 354 in file "/workspace/a3-control-center-pcb/manufacturing/generated/rev-a-audit/gerbers/dual_can_esp32-F_Cu.gtl"

** (process:89272): CRITICAL **: 10:36:57.286: Unknown RS-274X extension found %TO% at line 355 in file "/workspace/a3-control-center-pcb/manufacturing/generated/rev-a-audit/gerbers/dual_can_esp32-F_Cu.gtl"

** (process:89272): CRITICAL **: 10:36:57.286: Unknown RS-274X extension found %TO% at line 357 in file "/workspace/a3-control-center-pcb/manufacturing/generated/rev-a-audit/gerbers/dual_can_esp32-F_Cu.gtl"

** (process:89272): CRITICAL **: 10:36:57.286: Unknown RS-274X extension found %TO% at line 358 in file "/workspace/a3-control-center-pcb/manufacturing/generated/rev-a-audit/gerbers/dual_can_esp32-F_Cu.gtl"

** (process:89272): CRITICAL **: 10:36:57.286: Unknown RS-274X extension found %TD% at line 360 in file "/workspace/a3-control-center-pcb/manufacturing/generated/rev-a-audit/gerbers/dual_can_esp32-F_Cu.gtl"

** (process:89272): CRITICAL **: 10:36:57.286: Unknown RS-274X extension found %TO% at line 361 in file "/workspace/a3-control-center-pcb/manufacturing/generated/rev-a-audit/gerbers/dual_can_esp32-F_Cu.gtl"

** (process:89272): CRITICAL **: 10:36:57.286: Unknown RS-274X extension found %TO% at line 362 in file "/workspace/a3-control-center-pcb/manufacturing/generated/rev-a-audit/gerbers/dual_can_esp32-F_Cu.gtl"

** (process:89272): CRITICAL **: 10:36:57.286: Unknown RS-274X extension found %TO% at line 364 in file "/workspace/a3-control-center-pcb/manufacturing/generated/rev-a-audit/gerbers/dual_can_esp32-F_Cu.gtl"

** (process:89272): CRITICAL **: 10:36:57.286: Unknown RS-274X extension found %TO% at line 365 in file "/workspace/a3-control-center-pcb/manufacturing/generated/rev-a-audit/gerbers/dual_can_esp32-F_Cu.gtl"

** (process:89272): CRITICAL **: 10:36:57.287: Unknown RS-274X extension found %TD% at line 367 in file "/workspace/a3-control-center-pcb/manufacturing/generated/rev-a-audit/gerbers/dual_can_esp32-F_Cu.gtl"

** (process:89272): CRITICAL **: 10:36:57.287: Unknown RS-274X extension found %TO% at line 369 in file "/workspace/a3-control-center-pcb/manufacturing/generated/rev-a-audit/gerbers/dual_can_esp32-F_Cu.gtl"

** (process:89272): CRITICAL **: 10:36:57.287: Unknown RS-274X extension found %TO% at line 370 in file "/workspace/a3-control-center-pcb/manufacturing/generated/rev-a-audit/gerbers/dual_can_esp32-F_Cu.gtl"

** (process:89272): CRITICAL **: 10:36:57.287: Unknown RS-274X extension found %TO% at line 372 in file "/workspace/a3-control-center-pcb/manufacturing/generated/rev-a-audit/gerbers/dual_can_esp32-F_Cu.gtl"

** (process:89272): CRITICAL **: 10:36:57.287: Unknown RS-274X extension found %TO% at line 373 in file "/workspace/a3-control-center-pcb/manufacturing/generated/rev-a-audit/gerbers/dual_can_esp32-F_Cu.gtl"

** (process:89272): CRITICAL **: 10:36:57.287: Unknown RS-274X extension found %TD% at line 375 in file "/workspace/a3-control-center-pcb/manufacturing/generated/rev-a-audit/gerbers/dual_can_esp32-F_Cu.gtl"

** (process:89272): CRITICAL **: 10:36:57.287: Unknown RS-274X extension found %TO% at line 377 in file "/workspace/a3-control-center-pcb/manufacturing/generated/rev-a-audit/gerbers/dual_can_esp32-F_Cu.gtl"

** (process:89272): CRITICAL **: 10:36:57.287: Unknown RS-274X extension found %TO% at line 378 in file "/workspace/a3-control-center-pcb/manufacturing/generated/rev-a-audit/gerbers/dual_can_esp32-F_Cu.gtl"

** (process:89272): CRITICAL **: 10:36:57.287: Unknown RS-274X extension found %TO% at line 380 in file "/workspace/a3-control-center-pcb/manufacturing/generated/rev-a-audit/gerbers/dual_can_esp32-F_Cu.gtl"

** (process:89272): CRITICAL **: 10:36:57.287: Unknown RS-274X extension found %TO% at line 381 in file "/workspace/a3-control-center-pcb/manufacturing/generated/rev-a-audit/gerbers/dual_can_esp32-F_Cu.gtl"

** (process:89272): CRITICAL **: 10:36:57.287: Unknown RS-274X extension found %TO% at line 383 in file "/workspace/a3-control-center-pcb/manufacturing/generated/rev-a-audit/gerbers/dual_can_esp32-F_Cu.gtl"

** (process:89272): CRITICAL **: 10:36:57.287: Unknown RS-274X extension found %TO% at line 384 in file "/workspace/a3-control-center-pcb/manufacturing/generated/rev-a-audit/gerbers/dual_can_esp32-F_Cu.gtl"

** (process:89272): CRITICAL **: 10:36:57.287: Unknown RS-274X extension found %TO% at line 386 in file "/workspace/a3-control-center-pcb/manufacturing/generated/rev-a-audit/gerbers/dual_can_esp32-F_Cu.gtl"

** (process:89272): CRITICAL **: 10:36:57.287: Unknown RS-274X extension found %TO% at line 387 in file "/workspace/a3-control-center-pcb/manufacturing/generated/rev-a-audit/gerbers/dual_can_esp32-F_Cu.gtl"

** (process:89272): CRITICAL **: 10:36:57.287: Unknown RS-274X extension found %TO% at line 389 in file "/workspace/a3-control-center-pcb/manufacturing/generated/rev-a-audit/gerbers/dual_can_esp32-F_Cu.gtl"

** (process:89272): CRITICAL **: 10:36:57.287: Unknown RS-274X extension found %TO% at line 390 in file "/workspace/a3-control-center-pcb/manufacturing/generated/rev-a-audit/gerbers/dual_can_esp32-F_Cu.gtl"

** (process:89272): CRITICAL **: 10:36:57.287: Unknown RS-274X extension found %TO% at line 392 in file "/workspace/a3-control-center-pcb/manufacturing/generated/rev-a-audit/gerbers/dual_can_esp32-F_Cu.gtl"

** (process:89272): CRITICAL **: 10:36:57.287: Unknown RS-274X extension found %TO% at line 393 in file "/workspace/a3-control-center-pcb/manufacturing/generated/rev-a-audit/gerbers/dual_can_esp32-F_Cu.gtl"

** (process:89272): CRITICAL **: 10:36:57.287: Unknown RS-274X extension found %TD% at line 395 in file "/workspace/a3-control-center-pcb/manufacturing/generated/rev-a-audit/gerbers/dual_can_esp32-F_Cu.gtl"

** (process:89272): CRITICAL **: 10:36:57.287: Unknown RS-274X extension found %TO% at line 397 in file "/workspace/a3-control-center-pcb/manufacturing/generated/rev-a-audit/gerbers/dual_can_esp32-F_Cu.gtl"

** (process:89272): CRITICAL **: 10:36:57.287: Unknown RS-274X extension found %TO% at line 398 in file "/workspace/a3-control-center-pcb/manufacturing/generated/rev-a-audit/gerbers/dual_can_esp32-F_Cu.gtl"

** (process:89272): CRITICAL **: 10:36:57.287: Unknown RS-274X extension found %TO% at line 400 in file "/workspace/a3-control-center-pcb/manufacturing/generated/rev-a-audit/gerbers/dual_can_esp32-F_Cu.gtl"

** (process:89272): CRITICAL **: 10:36:57.287: Unknown RS-274X extension found %TO% at line 401 in file "/workspace/a3-control-center-pcb/manufacturing/generated/rev-a-audit/gerbers/dual_can_esp32-F_Cu.gtl"

** (process:89272): CRITICAL **: 10:36:57.287: Unknown RS-274X extension found %TD% at line 403 in file "/workspace/a3-control-center-pcb/manufacturing/generated/rev-a-audit/gerbers/dual_can_esp32-F_Cu.gtl"

** (process:89272): CRITICAL **: 10:36:57.287: Unknown RS-274X extension found %TO% at line 405 in file "/workspace/a3-control-center-pcb/manufacturing/generated/rev-a-audit/gerbers/dual_can_esp32-F_Cu.gtl"

** (process:89272): CRITICAL **: 10:36:57.287: Unknown RS-274X extension found %TO% at line 406 in file "/workspace/a3-control-center-pcb/manufacturing/generated/rev-a-audit/gerbers/dual_can_esp32-F_Cu.gtl"

** (process:89272): CRITICAL **: 10:36:57.288: Unknown RS-274X extension found %TO% at line 408 in file "/workspace/a3-control-center-pcb/manufacturing/generated/rev-a-audit/gerbers/dual_can_esp32-F_Cu.gtl"

** (process:89272): CRITICAL **: 10:36:57.288: Unknown RS-274X extension found %TO% at line 409 in file "/workspace/a3-control-center-pcb/manufacturing/generated/rev-a-audit/gerbers/dual_can_esp32-F_Cu.gtl"

** (process:89272): CRITICAL **: 10:36:57.288: Unknown RS-274X extension found %TD% at line 411 in file "/workspace/a3-control-center-pcb/manufacturing/generated/rev-a-audit/gerbers/dual_can_esp32-F_Cu.gtl"

** (process:89272): CRITICAL **: 10:36:57.288: Unknown RS-274X extension found %TO% at line 413 in file "/workspace/a3-control-center-pcb/manufacturing/generated/rev-a-audit/gerbers/dual_can_esp32-F_Cu.gtl"

** (process:89272): CRITICAL **: 10:36:57.288: Unknown RS-274X extension found %TO% at line 414 in file "/workspace/a3-control-center-pcb/manufacturing/generated/rev-a-audit/gerbers/dual_can_esp32-F_Cu.gtl"

** (process:89272): CRITICAL **: 10:36:57.288: Unknown RS-274X extension found %TO% at line 416 in file "/workspace/a3-control-center-pcb/manufacturing/generated/rev-a-audit/gerbers/dual_can_esp32-F_Cu.gtl"

** (process:89272): CRITICAL **: 10:36:57.288: Unknown RS-274X extension found %TO% at line 417 in file "/workspace/a3-control-center-pcb/manufacturing/generated/rev-a-audit/gerbers/dual_can_esp32-F_Cu.gtl"

** (process:89272): CRITICAL **: 10:36:57.288: Unknown RS-274X extension found %TO% at line 419 in file "/workspace/a3-control-center-pcb/manufacturing/generated/rev-a-audit/gerbers/dual_can_esp32-F_Cu.gtl"

** (process:89272): CRITICAL **: 10:36:57.288: Unknown RS-274X extension found %TO% at line 420 in file "/workspace/a3-control-center-pcb/manufacturing/generated/rev-a-audit/gerbers/dual_can_esp32-F_Cu.gtl"

** (process:89272): CRITICAL **: 10:36:57.288: Unknown RS-274X extension found %TO% at line 422 in file "/workspace/a3-control-center-pcb/manufacturing/generated/rev-a-audit/gerbers/dual_can_esp32-F_Cu.gtl"

** (process:89272): CRITICAL **: 10:36:57.288: Unknown RS-274X extension found %TO% at line 423 in file "/workspace/a3-control-center-pcb/manufacturing/generated/rev-a-audit/gerbers/dual_can_esp32-F_Cu.gtl"

** (process:89272): CRITICAL **: 10:36:57.288: Unknown RS-274X extension found %TO% at line 425 in file "/workspace/a3-control-center-pcb/manufacturing/generated/rev-a-audit/gerbers/dual_can_esp32-F_Cu.gtl"

** (process:89272): CRITICAL **: 10:36:57.288: Unknown RS-274X extension found %TO% at line 426 in file "/workspace/a3-control-center-pcb/manufacturing/generated/rev-a-audit/gerbers/dual_can_esp32-F_Cu.gtl"

** (process:89272): CRITICAL **: 10:36:57.288: Unknown RS-274X extension found %TO% at line 428 in file "/workspace/a3-control-center-pcb/manufacturing/generated/rev-a-audit/gerbers/dual_can_esp32-F_Cu.gtl"

** (process:89272): CRITICAL **: 10:36:57.288: Unknown RS-274X extension found %TO% at line 429 in file "/workspace/a3-control-center-pcb/manufacturing/generated/rev-a-audit/gerbers/dual_can_esp32-F_Cu.gtl"

** (process:89272): CRITICAL **: 10:36:57.288: Unknown RS-274X extension found %TO% at line 431 in file "/workspace/a3-control-center-pcb/manufacturing/generated/rev-a-audit/gerbers/dual_can_esp32-F_Cu.gtl"

** (process:89272): CRITICAL **: 10:36:57.288: Unknown RS-274X extension found %TO% at line 432 in file "/workspace/a3-control-center-pcb/manufacturing/generated/rev-a-audit/gerbers/dual_can_esp32-F_Cu.gtl"

** (process:89272): CRITICAL **: 10:36:57.288: Unknown RS-274X extension found %TO% at line 434 in file "/workspace/a3-control-center-pcb/manufacturing/generated/rev-a-audit/gerbers/dual_can_esp32-F_Cu.gtl"

** (process:89272): CRITICAL **: 10:36:57.288: Unknown RS-274X extension found %TO% at line 435 in file "/workspace/a3-control-center-pcb/manufacturing/generated/rev-a-audit/gerbers/dual_can_esp32-F_Cu.gtl"

** (process:89272): CRITICAL **: 10:36:57.288: Unknown RS-274X extension found %TD% at line 437 in file "/workspace/a3-control-center-pcb/manufacturing/generated/rev-a-audit/gerbers/dual_can_esp32-F_Cu.gtl"

** (process:89272): CRITICAL **: 10:36:57.288: Unknown RS-274X extension found %TO% at line 439 in file "/workspace/a3-control-center-pcb/manufacturing/generated/rev-a-audit/gerbers/dual_can_esp32-F_Cu.gtl"

** (process:89272): CRITICAL **: 10:36:57.288: Unknown RS-274X extension found %TO% at line 440 in file "/workspace/a3-control-center-pcb/manufacturing/generated/rev-a-audit/gerbers/dual_can_esp32-F_Cu.gtl"

** (process:89272): CRITICAL **: 10:36:57.288: Unknown RS-274X extension found %TO% at line 442 in file "/workspace/a3-control-center-pcb/manufacturing/generated/rev-a-audit/gerbers/dual_can_esp32-F_Cu.gtl"

** (process:89272): CRITICAL **: 10:36:57.288: Unknown RS-274X extension found %TO% at line 443 in file "/workspace/a3-control-center-pcb/manufacturing/generated/rev-a-audit/gerbers/dual_can_esp32-F_Cu.gtl"

** (process:89272): CRITICAL **: 10:36:57.288: Unknown RS-274X extension found %TD% at line 445 in file "/workspace/a3-control-center-pcb/manufacturing/generated/rev-a-audit/gerbers/dual_can_esp32-F_Cu.gtl"

** (process:89272): CRITICAL **: 10:36:57.288: Unknown RS-274X extension found %TO% at line 447 in file "/workspace/a3-control-center-pcb/manufacturing/generated/rev-a-audit/gerbers/dual_can_esp32-F_Cu.gtl"

** (process:89272): CRITICAL **: 10:36:57.289: Unknown RS-274X extension found %TO% at line 448 in file "/workspace/a3-control-center-pcb/manufacturing/generated/rev-a-audit/gerbers/dual_can_esp32-F_Cu.gtl"

** (process:89272): CRITICAL **: 10:36:57.289: Unknown RS-274X extension found %TD% at line 450 in file "/workspace/a3-control-center-pcb/manufacturing/generated/rev-a-audit/gerbers/dual_can_esp32-F_Cu.gtl"

** (process:89272): CRITICAL **: 10:36:57.289: Unknown RS-274X extension found %TO% at line 452 in file "/workspace/a3-control-center-pcb/manufacturing/generated/rev-a-audit/gerbers/dual_can_esp32-F_Cu.gtl"

** (process:89272): CRITICAL **: 10:36:57.289: Unknown RS-274X extension found %TO% at line 453 in file "/workspace/a3-control-center-pcb/manufacturing/generated/rev-a-audit/gerbers/dual_can_esp32-F_Cu.gtl"

** (process:89272): CRITICAL **: 10:36:57.289: Unknown RS-274X extension found %TO% at line 455 in file "/workspace/a3-control-center-pcb/manufacturing/generated/rev-a-audit/gerbers/dual_can_esp32-F_Cu.gtl"

** (process:89272): CRITICAL **: 10:36:57.289: Unknown RS-274X extension found %TO% at line 456 in file "/workspace/a3-control-center-pcb/manufacturing/generated/rev-a-audit/gerbers/dual_can_esp32-F_Cu.gtl"

** (process:89272): CRITICAL **: 10:36:57.289: Unknown RS-274X extension found %TD% at line 458 in file "/workspace/a3-control-center-pcb/manufacturing/generated/rev-a-audit/gerbers/dual_can_esp32-F_Cu.gtl"

** (process:89272): CRITICAL **: 10:36:57.289: Unknown RS-274X extension found %TO% at line 460 in file "/workspace/a3-control-center-pcb/manufacturing/generated/rev-a-audit/gerbers/dual_can_esp32-F_Cu.gtl"

** (process:89272): CRITICAL **: 10:36:57.289: Unknown RS-274X extension found %TO% at line 461 in file "/workspace/a3-control-center-pcb/manufacturing/generated/rev-a-audit/gerbers/dual_can_esp32-F_Cu.gtl"

** (process:89272): CRITICAL **: 10:36:57.289: Unknown RS-274X extension found %TO% at line 463 in file "/workspace/a3-control-center-pcb/manufacturing/generated/rev-a-audit/gerbers/dual_can_esp32-F_Cu.gtl"

** (process:89272): CRITICAL **: 10:36:57.289: Unknown RS-274X extension found %TO% at line 464 in file "/workspace/a3-control-center-pcb/manufacturing/generated/rev-a-audit/gerbers/dual_can_esp32-F_Cu.gtl"

** (process:89272): CRITICAL **: 10:36:57.289: Unknown RS-274X extension found %TD% at line 466 in file "/workspace/a3-control-center-pcb/manufacturing/generated/rev-a-audit/gerbers/dual_can_esp32-F_Cu.gtl"

** (process:89272): CRITICAL **: 10:36:57.289: Unknown RS-274X extension found %TO% at line 468 in file "/workspace/a3-control-center-pcb/manufacturing/generated/rev-a-audit/gerbers/dual_can_esp32-F_Cu.gtl"

** (process:89272): CRITICAL **: 10:36:57.289: Unknown RS-274X extension found %TO% at line 469 in file "/workspace/a3-control-center-pcb/manufacturing/generated/rev-a-audit/gerbers/dual_can_esp32-F_Cu.gtl"

** (process:89272): CRITICAL **: 10:36:57.289: Unknown RS-274X extension found %TO% at line 471 in file "/workspace/a3-control-center-pcb/manufacturing/generated/rev-a-audit/gerbers/dual_can_esp32-F_Cu.gtl"

** (process:89272): CRITICAL **: 10:36:57.289: Unknown RS-274X extension found %TO% at line 472 in file "/workspace/a3-control-center-pcb/manufacturing/generated/rev-a-audit/gerbers/dual_can_esp32-F_Cu.gtl"

** (process:89272): CRITICAL **: 10:36:57.289: Unknown RS-274X extension found %TO% at line 474 in file "/workspace/a3-control-center-pcb/manufacturing/generated/rev-a-audit/gerbers/dual_can_esp32-F_Cu.gtl"

** (process:89272): CRITICAL **: 10:36:57.289: Unknown RS-274X extension found %TO% at line 476 in file "/workspace/a3-control-center-pcb/manufacturing/generated/rev-a-audit/gerbers/dual_can_esp32-F_Cu.gtl"

** (process:89272): CRITICAL **: 10:36:57.289: Unknown RS-274X extension found %TO% at line 477 in file "/workspace/a3-control-center-pcb/manufacturing/generated/rev-a-audit/gerbers/dual_can_esp32-F_Cu.gtl"

** (process:89272): CRITICAL **: 10:36:57.289: Unknown RS-274X extension found %TO% at line 479 in file "/workspace/a3-control-center-pcb/manufacturing/generated/rev-a-audit/gerbers/dual_can_esp32-F_Cu.gtl"

** (process:89272): CRITICAL **: 10:36:57.289: Unknown RS-274X extension found %TO% at line 480 in file "/workspace/a3-control-center-pcb/manufacturing/generated/rev-a-audit/gerbers/dual_can_esp32-F_Cu.gtl"

** (process:89272): CRITICAL **: 10:36:57.289: Unknown RS-274X extension found %TO% at line 482 in file "/workspace/a3-control-center-pcb/manufacturing/generated/rev-a-audit/gerbers/dual_can_esp32-F_Cu.gtl"

** (process:89272): CRITICAL **: 10:36:57.289: Unknown RS-274X extension found %TO% at line 483 in file "/workspace/a3-control-center-pcb/manufacturing/generated/rev-a-audit/gerbers/dual_can_esp32-F_Cu.gtl"

** (process:89272): CRITICAL **: 10:36:57.289: Unknown RS-274X extension found %TO% at line 485 in file "/workspace/a3-control-center-pcb/manufacturing/generated/rev-a-audit/gerbers/dual_can_esp32-F_Cu.gtl"

** (process:89272): CRITICAL **: 10:36:57.289: Unknown RS-274X extension found %TO% at line 486 in file "/workspace/a3-control-center-pcb/manufacturing/generated/rev-a-audit/gerbers/dual_can_esp32-F_Cu.gtl"

** (process:89272): CRITICAL **: 10:36:57.289: Unknown RS-274X extension found %TO% at line 488 in file "/workspace/a3-control-center-pcb/manufacturing/generated/rev-a-audit/gerbers/dual_can_esp32-F_Cu.gtl"

** (process:89272): CRITICAL **: 10:36:57.290: Unknown RS-274X extension found %TO% at line 489 in file "/workspace/a3-control-center-pcb/manufacturing/generated/rev-a-audit/gerbers/dual_can_esp32-F_Cu.gtl"

** (process:89272): CRITICAL **: 10:36:57.290: Unknown RS-274X extension found %TD% at line 491 in file "/workspace/a3-control-center-pcb/manufacturing/generated/rev-a-audit/gerbers/dual_can_esp32-F_Cu.gtl"

** (process:89272): CRITICAL **: 10:36:57.290: Unknown RS-274X extension found %TO% at line 493 in file "/workspace/a3-control-center-pcb/manufacturing/generated/rev-a-audit/gerbers/dual_can_esp32-F_Cu.gtl"

** (process:89272): CRITICAL **: 10:36:57.290: Unknown RS-274X extension found %TO% at line 494 in file "/workspace/a3-control-center-pcb/manufacturing/generated/rev-a-audit/gerbers/dual_can_esp32-F_Cu.gtl"

** (process:89272): CRITICAL **: 10:36:57.290: Unknown RS-274X extension found %TO% at line 497 in file "/workspace/a3-control-center-pcb/manufacturing/generated/rev-a-audit/gerbers/dual_can_esp32-F_Cu.gtl"

** (process:89272): CRITICAL **: 10:36:57.290: Unknown RS-274X extension found %TO% at line 498 in file "/workspace/a3-control-center-pcb/manufacturing/generated/rev-a-audit/gerbers/dual_can_esp32-F_Cu.gtl"

** (process:89272): CRITICAL **: 10:36:57.290: Unknown RS-274X extension found %TO% at line 500 in file "/workspace/a3-control-center-pcb/manufacturing/generated/rev-a-audit/gerbers/dual_can_esp32-F_Cu.gtl"

** (process:89272): CRITICAL **: 10:36:57.290: Unknown RS-274X extension found %TO% at line 501 in file "/workspace/a3-control-center-pcb/manufacturing/generated/rev-a-audit/gerbers/dual_can_esp32-F_Cu.gtl"

** (process:89272): CRITICAL **: 10:36:57.290: Unknown RS-274X extension found %TD% at line 503 in file "/workspace/a3-control-center-pcb/manufacturing/generated/rev-a-audit/gerbers/dual_can_esp32-F_Cu.gtl"

** (process:89272): CRITICAL **: 10:36:57.290: Unknown RS-274X extension found %TO% at line 505 in file "/workspace/a3-control-center-pcb/manufacturing/generated/rev-a-audit/gerbers/dual_can_esp32-F_Cu.gtl"

** (process:89272): CRITICAL **: 10:36:57.290: Unknown RS-274X extension found %TO% at line 506 in file "/workspace/a3-control-center-pcb/manufacturing/generated/rev-a-audit/gerbers/dual_can_esp32-F_Cu.gtl"

** (process:89272): CRITICAL **: 10:36:57.290: Unknown RS-274X extension found %TO% at line 508 in file "/workspace/a3-control-center-pcb/manufacturing/generated/rev-a-audit/gerbers/dual_can_esp32-F_Cu.gtl"

** (process:89272): CRITICAL **: 10:36:57.290: Unknown RS-274X extension found %TO% at line 509 in file "/workspace/a3-control-center-pcb/manufacturing/generated/rev-a-audit/gerbers/dual_can_esp32-F_Cu.gtl"

** (process:89272): CRITICAL **: 10:36:57.290: Unknown RS-274X extension found %TD% at line 511 in file "/workspace/a3-control-center-pcb/manufacturing/generated/rev-a-audit/gerbers/dual_can_esp32-F_Cu.gtl"

** (process:89272): CRITICAL **: 10:36:57.290: Unknown RS-274X extension found %TO% at line 513 in file "/workspace/a3-control-center-pcb/manufacturing/generated/rev-a-audit/gerbers/dual_can_esp32-F_Cu.gtl"

** (process:89272): CRITICAL **: 10:36:57.290: Unknown RS-274X extension found %TO% at line 514 in file "/workspace/a3-control-center-pcb/manufacturing/generated/rev-a-audit/gerbers/dual_can_esp32-F_Cu.gtl"

** (process:89272): CRITICAL **: 10:36:57.290: Unknown RS-274X extension found %TO% at line 516 in file "/workspace/a3-control-center-pcb/manufacturing/generated/rev-a-audit/gerbers/dual_can_esp32-F_Cu.gtl"

** (process:89272): CRITICAL **: 10:36:57.290: Unknown RS-274X extension found %TO% at line 517 in file "/workspace/a3-control-center-pcb/manufacturing/generated/rev-a-audit/gerbers/dual_can_esp32-F_Cu.gtl"

** (process:89272): CRITICAL **: 10:36:57.290: Unknown RS-274X extension found %TD% at line 519 in file "/workspace/a3-control-center-pcb/manufacturing/generated/rev-a-audit/gerbers/dual_can_esp32-F_Cu.gtl"

** (process:89272): CRITICAL **: 10:36:57.290: Unknown RS-274X extension found %TO% at line 521 in file "/workspace/a3-control-center-pcb/manufacturing/generated/rev-a-audit/gerbers/dual_can_esp32-F_Cu.gtl"

** (process:89272): CRITICAL **: 10:36:57.290: Unknown RS-274X extension found %TO% at line 522 in file "/workspace/a3-control-center-pcb/manufacturing/generated/rev-a-audit/gerbers/dual_can_esp32-F_Cu.gtl"

** (process:89272): CRITICAL **: 10:36:57.290: Unknown RS-274X extension found %TD% at line 524 in file "/workspace/a3-control-center-pcb/manufacturing/generated/rev-a-audit/gerbers/dual_can_esp32-F_Cu.gtl"

** (process:89272): CRITICAL **: 10:36:57.290: Unknown RS-274X extension found %TO% at line 526 in file "/workspace/a3-control-center-pcb/manufacturing/generated/rev-a-audit/gerbers/dual_can_esp32-F_Cu.gtl"

** (process:89272): CRITICAL **: 10:36:57.290: Unknown RS-274X extension found %TO% at line 527 in file "/workspace/a3-control-center-pcb/manufacturing/generated/rev-a-audit/gerbers/dual_can_esp32-F_Cu.gtl"

** (process:89272): CRITICAL **: 10:36:57.290: Unknown RS-274X extension found %TO% at line 529 in file "/workspace/a3-control-center-pcb/manufacturing/generated/rev-a-audit/gerbers/dual_can_esp32-F_Cu.gtl"

** (process:89272): CRITICAL **: 10:36:57.291: Unknown RS-274X extension found %TO% at line 530 in file "/workspace/a3-control-center-pcb/manufacturing/generated/rev-a-audit/gerbers/dual_can_esp32-F_Cu.gtl"

** (process:89272): CRITICAL **: 10:36:57.291: Unknown RS-274X extension found %TD% at line 532 in file "/workspace/a3-control-center-pcb/manufacturing/generated/rev-a-audit/gerbers/dual_can_esp32-F_Cu.gtl"

** (process:89272): CRITICAL **: 10:36:57.291: Unknown RS-274X extension found %TO% at line 534 in file "/workspace/a3-control-center-pcb/manufacturing/generated/rev-a-audit/gerbers/dual_can_esp32-F_Cu.gtl"

** (process:89272): CRITICAL **: 10:36:57.291: Unknown RS-274X extension found %TO% at line 535 in file "/workspace/a3-control-center-pcb/manufacturing/generated/rev-a-audit/gerbers/dual_can_esp32-F_Cu.gtl"

** (process:89272): CRITICAL **: 10:36:57.291: Unknown RS-274X extension found %TO% at line 537 in file "/workspace/a3-control-center-pcb/manufacturing/generated/rev-a-audit/gerbers/dual_can_esp32-F_Cu.gtl"

** (process:89272): CRITICAL **: 10:36:57.291: Unknown RS-274X extension found %TO% at line 538 in file "/workspace/a3-control-center-pcb/manufacturing/generated/rev-a-audit/gerbers/dual_can_esp32-F_Cu.gtl"

** (process:89272): CRITICAL **: 10:36:57.291: Unknown RS-274X extension found %TD% at line 540 in file "/workspace/a3-control-center-pcb/manufacturing/generated/rev-a-audit/gerbers/dual_can_esp32-F_Cu.gtl"

** (process:89272): CRITICAL **: 10:36:57.291: Unknown RS-274X extension found %TO% at line 542 in file "/workspace/a3-control-center-pcb/manufacturing/generated/rev-a-audit/gerbers/dual_can_esp32-F_Cu.gtl"

** (process:89272): CRITICAL **: 10:36:57.291: Unknown RS-274X extension found %TO% at line 543 in file "/workspace/a3-control-center-pcb/manufacturing/generated/rev-a-audit/gerbers/dual_can_esp32-F_Cu.gtl"

** (process:89272): CRITICAL **: 10:36:57.291: Unknown RS-274X extension found %TO% at line 546 in file "/workspace/a3-control-center-pcb/manufacturing/generated/rev-a-audit/gerbers/dual_can_esp32-F_Cu.gtl"

** (process:89272): CRITICAL **: 10:36:57.291: Unknown RS-274X extension found %TO% at line 547 in file "/workspace/a3-control-center-pcb/manufacturing/generated/rev-a-audit/gerbers/dual_can_esp32-F_Cu.gtl"

** (process:89272): CRITICAL **: 10:36:57.291: Unknown RS-274X extension found %TO% at line 549 in file "/workspace/a3-control-center-pcb/manufacturing/generated/rev-a-audit/gerbers/dual_can_esp32-F_Cu.gtl"

** (process:89272): CRITICAL **: 10:36:57.291: Unknown RS-274X extension found %TO% at line 550 in file "/workspace/a3-control-center-pcb/manufacturing/generated/rev-a-audit/gerbers/dual_can_esp32-F_Cu.gtl"

** (process:89272): CRITICAL **: 10:36:57.291: Unknown RS-274X extension found %TD% at line 552 in file "/workspace/a3-control-center-pcb/manufacturing/generated/rev-a-audit/gerbers/dual_can_esp32-F_Cu.gtl"

** (process:89272): CRITICAL **: 10:36:57.291: Unknown RS-274X extension found %TO% at line 554 in file "/workspace/a3-control-center-pcb/manufacturing/generated/rev-a-audit/gerbers/dual_can_esp32-F_Cu.gtl"

** (process:89272): CRITICAL **: 10:36:57.291: Unknown RS-274X extension found %TO% at line 555 in file "/workspace/a3-control-center-pcb/manufacturing/generated/rev-a-audit/gerbers/dual_can_esp32-F_Cu.gtl"

** (process:89272): CRITICAL **: 10:36:57.291: Unknown RS-274X extension found %TD% at line 557 in file "/workspace/a3-control-center-pcb/manufacturing/generated/rev-a-audit/gerbers/dual_can_esp32-F_Cu.gtl"

** (process:89272): CRITICAL **: 10:36:57.291: Unknown RS-274X extension found %TO% at line 559 in file "/workspace/a3-control-center-pcb/manufacturing/generated/rev-a-audit/gerbers/dual_can_esp32-F_Cu.gtl"

** (process:89272): CRITICAL **: 10:36:57.291: Unknown RS-274X extension found %TO% at line 560 in file "/workspace/a3-control-center-pcb/manufacturing/generated/rev-a-audit/gerbers/dual_can_esp32-F_Cu.gtl"

** (process:89272): CRITICAL **: 10:36:57.291: Unknown RS-274X extension found %TO% at line 562 in file "/workspace/a3-control-center-pcb/manufacturing/generated/rev-a-audit/gerbers/dual_can_esp32-F_Cu.gtl"

** (process:89272): CRITICAL **: 10:36:57.291: Unknown RS-274X extension found %TO% at line 563 in file "/workspace/a3-control-center-pcb/manufacturing/generated/rev-a-audit/gerbers/dual_can_esp32-F_Cu.gtl"

** (process:89272): CRITICAL **: 10:36:57.291: Unknown RS-274X extension found %TO% at line 565 in file "/workspace/a3-control-center-pcb/manufacturing/generated/rev-a-audit/gerbers/dual_can_esp32-F_Cu.gtl"

** (process:89272): CRITICAL **: 10:36:57.291: Unknown RS-274X extension found %TO% at line 566 in file "/workspace/a3-control-center-pcb/manufacturing/generated/rev-a-audit/gerbers/dual_can_esp32-F_Cu.gtl"

** (process:89272): CRITICAL **: 10:36:57.291: Unknown RS-274X extension found %TO% at line 568 in file "/workspace/a3-control-center-pcb/manufacturing/generated/rev-a-audit/gerbers/dual_can_esp32-F_Cu.gtl"

** (process:89272): CRITICAL **: 10:36:57.292: Unknown RS-274X extension found %TO% at line 569 in file "/workspace/a3-control-center-pcb/manufacturing/generated/rev-a-audit/gerbers/dual_can_esp32-F_Cu.gtl"

** (process:89272): CRITICAL **: 10:36:57.292: Unknown RS-274X extension found %TO% at line 571 in file "/workspace/a3-control-center-pcb/manufacturing/generated/rev-a-audit/gerbers/dual_can_esp32-F_Cu.gtl"

** (process:89272): CRITICAL **: 10:36:57.292: Unknown RS-274X extension found %TO% at line 572 in file "/workspace/a3-control-center-pcb/manufacturing/generated/rev-a-audit/gerbers/dual_can_esp32-F_Cu.gtl"

** (process:89272): CRITICAL **: 10:36:57.292: Unknown RS-274X extension found %TO% at line 574 in file "/workspace/a3-control-center-pcb/manufacturing/generated/rev-a-audit/gerbers/dual_can_esp32-F_Cu.gtl"

** (process:89272): CRITICAL **: 10:36:57.292: Unknown RS-274X extension found %TO% at line 575 in file "/workspace/a3-control-center-pcb/manufacturing/generated/rev-a-audit/gerbers/dual_can_esp32-F_Cu.gtl"

** (process:89272): CRITICAL **: 10:36:57.292: Unknown RS-274X extension found %TO% at line 577 in file "/workspace/a3-control-center-pcb/manufacturing/generated/rev-a-audit/gerbers/dual_can_esp32-F_Cu.gtl"

** (process:89272): CRITICAL **: 10:36:57.292: Unknown RS-274X extension found %TO% at line 578 in file "/workspace/a3-control-center-pcb/manufacturing/generated/rev-a-audit/gerbers/dual_can_esp32-F_Cu.gtl"

** (process:89272): CRITICAL **: 10:36:57.292: Unknown RS-274X extension found %TO% at line 580 in file "/workspace/a3-control-center-pcb/manufacturing/generated/rev-a-audit/gerbers/dual_can_esp32-F_Cu.gtl"

** (process:89272): CRITICAL **: 10:36:57.292: Unknown RS-274X extension found %TO% at line 581 in file "/workspace/a3-control-center-pcb/manufacturing/generated/rev-a-audit/gerbers/dual_can_esp32-F_Cu.gtl"

** (process:89272): CRITICAL **: 10:36:57.292: Unknown RS-274X extension found %TO% at line 583 in file "/workspace/a3-control-center-pcb/manufacturing/generated/rev-a-audit/gerbers/dual_can_esp32-F_Cu.gtl"

** (process:89272): CRITICAL **: 10:36:57.292: Unknown RS-274X extension found %TO% at line 584 in file "/workspace/a3-control-center-pcb/manufacturing/generated/rev-a-audit/gerbers/dual_can_esp32-F_Cu.gtl"

** (process:89272): CRITICAL **: 10:36:57.292: Unknown RS-274X extension found %TO% at line 586 in file "/workspace/a3-control-center-pcb/manufacturing/generated/rev-a-audit/gerbers/dual_can_esp32-F_Cu.gtl"

** (process:89272): CRITICAL **: 10:36:57.292: Unknown RS-274X extension found %TO% at line 587 in file "/workspace/a3-control-center-pcb/manufacturing/generated/rev-a-audit/gerbers/dual_can_esp32-F_Cu.gtl"

** (process:89272): CRITICAL **: 10:36:57.292: Unknown RS-274X extension found %TO% at line 589 in file "/workspace/a3-control-center-pcb/manufacturing/generated/rev-a-audit/gerbers/dual_can_esp32-F_Cu.gtl"

** (process:89272): CRITICAL **: 10:36:57.292: Unknown RS-274X extension found %TO% at line 590 in file "/workspace/a3-control-center-pcb/manufacturing/generated/rev-a-audit/gerbers/dual_can_esp32-F_Cu.gtl"

** (process:89272): CRITICAL **: 10:36:57.292: Unknown RS-274X extension found %TO% at line 592 in file "/workspace/a3-control-center-pcb/manufacturing/generated/rev-a-audit/gerbers/dual_can_esp32-F_Cu.gtl"

** (process:89272): CRITICAL **: 10:36:57.292: Unknown RS-274X extension found %TO% at line 593 in file "/workspace/a3-control-center-pcb/manufacturing/generated/rev-a-audit/gerbers/dual_can_esp32-F_Cu.gtl"

** (process:89272): CRITICAL **: 10:36:57.292: Unknown RS-274X extension found %TO% at line 595 in file "/workspace/a3-control-center-pcb/manufacturing/generated/rev-a-audit/gerbers/dual_can_esp32-F_Cu.gtl"

** (process:89272): CRITICAL **: 10:36:57.292: Unknown RS-274X extension found %TO% at line 596 in file "/workspace/a3-control-center-pcb/manufacturing/generated/rev-a-audit/gerbers/dual_can_esp32-F_Cu.gtl"

** (process:89272): CRITICAL **: 10:36:57.292: Unknown RS-274X extension found %TO% at line 598 in file "/workspace/a3-control-center-pcb/manufacturing/generated/rev-a-audit/gerbers/dual_can_esp32-F_Cu.gtl"

** (process:89272): CRITICAL **: 10:36:57.292: Unknown RS-274X extension found %TO% at line 599 in file "/workspace/a3-control-center-pcb/manufacturing/generated/rev-a-audit/gerbers/dual_can_esp32-F_Cu.gtl"

** (process:89272): CRITICAL **: 10:36:57.292: Unknown RS-274X extension found %TD% at line 601 in file "/workspace/a3-control-center-pcb/manufacturing/generated/rev-a-audit/gerbers/dual_can_esp32-F_Cu.gtl"

** (process:89272): CRITICAL **: 10:36:57.292: Unknown RS-274X extension found %TO% at line 603 in file "/workspace/a3-control-center-pcb/manufacturing/generated/rev-a-audit/gerbers/dual_can_esp32-F_Cu.gtl"

** (process:89272): CRITICAL **: 10:36:57.292: Unknown RS-274X extension found %TO% at line 604 in file "/workspace/a3-control-center-pcb/manufacturing/generated/rev-a-audit/gerbers/dual_can_esp32-F_Cu.gtl"

** (process:89272): CRITICAL **: 10:36:57.292: Unknown RS-274X extension found %TO% at line 606 in file "/workspace/a3-control-center-pcb/manufacturing/generated/rev-a-audit/gerbers/dual_can_esp32-F_Cu.gtl"

** (process:89272): CRITICAL **: 10:36:57.292: Unknown RS-274X extension found %TO% at line 607 in file "/workspace/a3-control-center-pcb/manufacturing/generated/rev-a-audit/gerbers/dual_can_esp32-F_Cu.gtl"

** (process:89272): CRITICAL **: 10:36:57.292: Unknown RS-274X extension found %TD% at line 609 in file "/workspace/a3-control-center-pcb/manufacturing/generated/rev-a-audit/gerbers/dual_can_esp32-F_Cu.gtl"

** (process:89272): CRITICAL **: 10:36:57.293: Unknown RS-274X extension found %TO% at line 611 in file "/workspace/a3-control-center-pcb/manufacturing/generated/rev-a-audit/gerbers/dual_can_esp32-F_Cu.gtl"

** (process:89272): CRITICAL **: 10:36:57.293: Unknown RS-274X extension found %TO% at line 612 in file "/workspace/a3-control-center-pcb/manufacturing/generated/rev-a-audit/gerbers/dual_can_esp32-F_Cu.gtl"

** (process:89272): CRITICAL **: 10:36:57.293: Unknown RS-274X extension found %TO% at line 614 in file "/workspace/a3-control-center-pcb/manufacturing/generated/rev-a-audit/gerbers/dual_can_esp32-F_Cu.gtl"

** (process:89272): CRITICAL **: 10:36:57.293: Unknown RS-274X extension found %TO% at line 615 in file "/workspace/a3-control-center-pcb/manufacturing/generated/rev-a-audit/gerbers/dual_can_esp32-F_Cu.gtl"

** (process:89272): CRITICAL **: 10:36:57.293: Unknown RS-274X extension found %TD% at line 617 in file "/workspace/a3-control-center-pcb/manufacturing/generated/rev-a-audit/gerbers/dual_can_esp32-F_Cu.gtl"

** (process:89272): CRITICAL **: 10:36:57.293: Unknown RS-274X extension found %TO% at line 619 in file "/workspace/a3-control-center-pcb/manufacturing/generated/rev-a-audit/gerbers/dual_can_esp32-F_Cu.gtl"

** (process:89272): CRITICAL **: 10:36:57.293: Unknown RS-274X extension found %TO% at line 620 in file "/workspace/a3-control-center-pcb/manufacturing/generated/rev-a-audit/gerbers/dual_can_esp32-F_Cu.gtl"

** (process:89272): CRITICAL **: 10:36:57.293: Unknown RS-274X extension found %TO% at line 622 in file "/workspace/a3-control-center-pcb/manufacturing/generated/rev-a-audit/gerbers/dual_can_esp32-F_Cu.gtl"

** (process:89272): CRITICAL **: 10:36:57.293: Unknown RS-274X extension found %TO% at line 623 in file "/workspace/a3-control-center-pcb/manufacturing/generated/rev-a-audit/gerbers/dual_can_esp32-F_Cu.gtl"

** (process:89272): CRITICAL **: 10:36:57.293: Unknown RS-274X extension found %TD% at line 625 in file "/workspace/a3-control-center-pcb/manufacturing/generated/rev-a-audit/gerbers/dual_can_esp32-F_Cu.gtl"

** (process:89272): CRITICAL **: 10:36:57.293: Unknown RS-274X extension found %TO% at line 626 in file "/workspace/a3-control-center-pcb/manufacturing/generated/rev-a-audit/gerbers/dual_can_esp32-F_Cu.gtl"

** (process:89272): CRITICAL **: 10:36:57.293: Unknown RS-274X extension found %TO% at line 627 in file "/workspace/a3-control-center-pcb/manufacturing/generated/rev-a-audit/gerbers/dual_can_esp32-F_Cu.gtl"

** (process:89272): CRITICAL **: 10:36:57.293: Unknown RS-274X extension found %TO% at line 629 in file "/workspace/a3-control-center-pcb/manufacturing/generated/rev-a-audit/gerbers/dual_can_esp32-F_Cu.gtl"

** (process:89272): CRITICAL **: 10:36:57.293: Unknown RS-274X extension found %TO% at line 630 in file "/workspace/a3-control-center-pcb/manufacturing/generated/rev-a-audit/gerbers/dual_can_esp32-F_Cu.gtl"

** (process:89272): CRITICAL **: 10:36:57.293: Unknown RS-274X extension found %TD% at line 632 in file "/workspace/a3-control-center-pcb/manufacturing/generated/rev-a-audit/gerbers/dual_can_esp32-F_Cu.gtl"

** (process:89272): CRITICAL **: 10:36:57.293: Unknown RS-274X extension found %TO% at line 634 in file "/workspace/a3-control-center-pcb/manufacturing/generated/rev-a-audit/gerbers/dual_can_esp32-F_Cu.gtl"

** (process:89272): CRITICAL **: 10:36:57.293: Unknown RS-274X extension found %TO% at line 635 in file "/workspace/a3-control-center-pcb/manufacturing/generated/rev-a-audit/gerbers/dual_can_esp32-F_Cu.gtl"

** (process:89272): CRITICAL **: 10:36:57.293: Unknown RS-274X extension found %TO% at line 637 in file "/workspace/a3-control-center-pcb/manufacturing/generated/rev-a-audit/gerbers/dual_can_esp32-F_Cu.gtl"

** (process:89272): CRITICAL **: 10:36:57.293: Unknown RS-274X extension found %TO% at line 638 in file "/workspace/a3-control-center-pcb/manufacturing/generated/rev-a-audit/gerbers/dual_can_esp32-F_Cu.gtl"

** (process:89272): CRITICAL **: 10:36:57.293: Unknown RS-274X extension found %TD% at line 640 in file "/workspace/a3-control-center-pcb/manufacturing/generated/rev-a-audit/gerbers/dual_can_esp32-F_Cu.gtl"

** (process:89272): CRITICAL **: 10:36:57.293: Unknown RS-274X extension found %TO% at line 642 in file "/workspace/a3-control-center-pcb/manufacturing/generated/rev-a-audit/gerbers/dual_can_esp32-F_Cu.gtl"

** (process:89272): CRITICAL **: 10:36:57.293: Unknown RS-274X extension found %TO% at line 643 in file "/workspace/a3-control-center-pcb/manufacturing/generated/rev-a-audit/gerbers/dual_can_esp32-F_Cu.gtl"

** (process:89272): CRITICAL **: 10:36:57.293: Unknown RS-274X extension found %TO% at line 645 in file "/workspace/a3-control-center-pcb/manufacturing/generated/rev-a-audit/gerbers/dual_can_esp32-F_Cu.gtl"

** (process:89272): CRITICAL **: 10:36:57.293: Unknown RS-274X extension found %TO% at line 646 in file "/workspace/a3-control-center-pcb/manufacturing/generated/rev-a-audit/gerbers/dual_can_esp32-F_Cu.gtl"

** (process:89272): CRITICAL **: 10:36:57.293: Unknown RS-274X extension found %TD% at line 648 in file "/workspace/a3-control-center-pcb/manufacturing/generated/rev-a-audit/gerbers/dual_can_esp32-F_Cu.gtl"

** (process:89272): CRITICAL **: 10:36:57.294: Unknown RS-274X extension found %TO% at line 650 in file "/workspace/a3-control-center-pcb/manufacturing/generated/rev-a-audit/gerbers/dual_can_esp32-F_Cu.gtl"

** (process:89272): CRITICAL **: 10:36:57.294: Unknown RS-274X extension found %TO% at line 651 in file "/workspace/a3-control-center-pcb/manufacturing/generated/rev-a-audit/gerbers/dual_can_esp32-F_Cu.gtl"

** (process:89272): CRITICAL **: 10:36:57.294: Unknown RS-274X extension found %TO% at line 653 in file "/workspace/a3-control-center-pcb/manufacturing/generated/rev-a-audit/gerbers/dual_can_esp32-F_Cu.gtl"

** (process:89272): CRITICAL **: 10:36:57.294: Unknown RS-274X extension found %TO% at line 654 in file "/workspace/a3-control-center-pcb/manufacturing/generated/rev-a-audit/gerbers/dual_can_esp32-F_Cu.gtl"

** (process:89272): CRITICAL **: 10:36:57.294: Unknown RS-274X extension found %TO% at line 656 in file "/workspace/a3-control-center-pcb/manufacturing/generated/rev-a-audit/gerbers/dual_can_esp32-F_Cu.gtl"

** (process:89272): CRITICAL **: 10:36:57.294: Unknown RS-274X extension found %TO% at line 657 in file "/workspace/a3-control-center-pcb/manufacturing/generated/rev-a-audit/gerbers/dual_can_esp32-F_Cu.gtl"

** (process:89272): CRITICAL **: 10:36:57.294: Unknown RS-274X extension found %TO% at line 660 in file "/workspace/a3-control-center-pcb/manufacturing/generated/rev-a-audit/gerbers/dual_can_esp32-F_Cu.gtl"

** (process:89272): CRITICAL **: 10:36:57.294: Unknown RS-274X extension found %TO% at line 661 in file "/workspace/a3-control-center-pcb/manufacturing/generated/rev-a-audit/gerbers/dual_can_esp32-F_Cu.gtl"

** (process:89272): CRITICAL **: 10:36:57.294: Unknown RS-274X extension found %TO% at line 664 in file "/workspace/a3-control-center-pcb/manufacturing/generated/rev-a-audit/gerbers/dual_can_esp32-F_Cu.gtl"

** (process:89272): CRITICAL **: 10:36:57.294: Unknown RS-274X extension found %TO% at line 665 in file "/workspace/a3-control-center-pcb/manufacturing/generated/rev-a-audit/gerbers/dual_can_esp32-F_Cu.gtl"

** (process:89272): CRITICAL **: 10:36:57.294: Unknown RS-274X extension found %TO% at line 668 in file "/workspace/a3-control-center-pcb/manufacturing/generated/rev-a-audit/gerbers/dual_can_esp32-F_Cu.gtl"

** (process:89272): CRITICAL **: 10:36:57.294: Unknown RS-274X extension found %TO% at line 669 in file "/workspace/a3-control-center-pcb/manufacturing/generated/rev-a-audit/gerbers/dual_can_esp32-F_Cu.gtl"

** (process:89272): CRITICAL **: 10:36:57.294: Unknown RS-274X extension found %TO% at line 672 in file "/workspace/a3-control-center-pcb/manufacturing/generated/rev-a-audit/gerbers/dual_can_esp32-F_Cu.gtl"

** (process:89272): CRITICAL **: 10:36:57.294: Unknown RS-274X extension found %TO% at line 673 in file "/workspace/a3-control-center-pcb/manufacturing/generated/rev-a-audit/gerbers/dual_can_esp32-F_Cu.gtl"

** (process:89272): CRITICAL **: 10:36:57.294: Unknown RS-274X extension found %TO% at line 676 in file "/workspace/a3-control-center-pcb/manufacturing/generated/rev-a-audit/gerbers/dual_can_esp32-F_Cu.gtl"

** (process:89272): CRITICAL **: 10:36:57.294: Unknown RS-274X extension found %TO% at line 679 in file "/workspace/a3-control-center-pcb/manufacturing/generated/rev-a-audit/gerbers/dual_can_esp32-F_Cu.gtl"

** (process:89272): CRITICAL **: 10:36:57.294: Unknown RS-274X extension found %TO% at line 680 in file "/workspace/a3-control-center-pcb/manufacturing/generated/rev-a-audit/gerbers/dual_can_esp32-F_Cu.gtl"

** (process:89272): CRITICAL **: 10:36:57.294: Unknown RS-274X extension found %TO% at line 682 in file "/workspace/a3-control-center-pcb/manufacturing/generated/rev-a-audit/gerbers/dual_can_esp32-F_Cu.gtl"

** (process:89272): CRITICAL **: 10:36:57.294: Unknown RS-274X extension found %TO% at line 683 in file "/workspace/a3-control-center-pcb/manufacturing/generated/rev-a-audit/gerbers/dual_can_esp32-F_Cu.gtl"

** (process:89272): CRITICAL **: 10:36:57.294: Unknown RS-274X extension found %TO% at line 685 in file "/workspace/a3-control-center-pcb/manufacturing/generated/rev-a-audit/gerbers/dual_can_esp32-F_Cu.gtl"

** (process:89272): CRITICAL **: 10:36:57.294: Unknown RS-274X extension found %TO% at line 686 in file "/workspace/a3-control-center-pcb/manufacturing/generated/rev-a-audit/gerbers/dual_can_esp32-F_Cu.gtl"

** (process:89272): CRITICAL **: 10:36:57.294: Unknown RS-274X extension found %TO% at line 689 in file "/workspace/a3-control-center-pcb/manufacturing/generated/rev-a-audit/gerbers/dual_can_esp32-F_Cu.gtl"

** (process:89272): CRITICAL **: 10:36:57.294: Unknown RS-274X extension found %TO% at line 690 in file "/workspace/a3-control-center-pcb/manufacturing/generated/rev-a-audit/gerbers/dual_can_esp32-F_Cu.gtl"

** (process:89272): CRITICAL **: 10:36:57.294: Unknown RS-274X extension found %TO% at line 693 in file "/workspace/a3-control-center-pcb/manufacturing/generated/rev-a-audit/gerbers/dual_can_esp32-F_Cu.gtl"

** (process:89272): CRITICAL **: 10:36:57.295: Unknown RS-274X extension found %TO% at line 696 in file "/workspace/a3-control-center-pcb/manufacturing/generated/rev-a-audit/gerbers/dual_can_esp32-F_Cu.gtl"

** (process:89272): CRITICAL **: 10:36:57.295: Unknown RS-274X extension found %TO% at line 697 in file "/workspace/a3-control-center-pcb/manufacturing/generated/rev-a-audit/gerbers/dual_can_esp32-F_Cu.gtl"

** (process:89272): CRITICAL **: 10:36:57.295: Unknown RS-274X extension found %TO% at line 699 in file "/workspace/a3-control-center-pcb/manufacturing/generated/rev-a-audit/gerbers/dual_can_esp32-F_Cu.gtl"

** (process:89272): CRITICAL **: 10:36:57.295: Unknown RS-274X extension found %TO% at line 700 in file "/workspace/a3-control-center-pcb/manufacturing/generated/rev-a-audit/gerbers/dual_can_esp32-F_Cu.gtl"

** (process:89272): CRITICAL **: 10:36:57.295: Unknown RS-274X extension found %TD% at line 702 in file "/workspace/a3-control-center-pcb/manufacturing/generated/rev-a-audit/gerbers/dual_can_esp32-F_Cu.gtl"

** (process:89272): CRITICAL **: 10:36:57.295: Unknown RS-274X extension found %TO% at line 704 in file "/workspace/a3-control-center-pcb/manufacturing/generated/rev-a-audit/gerbers/dual_can_esp32-F_Cu.gtl"

** (process:89272): CRITICAL **: 10:36:57.295: Unknown RS-274X extension found %TO% at line 705 in file "/workspace/a3-control-center-pcb/manufacturing/generated/rev-a-audit/gerbers/dual_can_esp32-F_Cu.gtl"

** (process:89272): CRITICAL **: 10:36:57.295: Unknown RS-274X extension found %TO% at line 707 in file "/workspace/a3-control-center-pcb/manufacturing/generated/rev-a-audit/gerbers/dual_can_esp32-F_Cu.gtl"

** (process:89272): CRITICAL **: 10:36:57.295: Unknown RS-274X extension found %TO% at line 708 in file "/workspace/a3-control-center-pcb/manufacturing/generated/rev-a-audit/gerbers/dual_can_esp32-F_Cu.gtl"

** (process:89272): CRITICAL **: 10:36:57.295: Unknown RS-274X extension found %TD% at line 710 in file "/workspace/a3-control-center-pcb/manufacturing/generated/rev-a-audit/gerbers/dual_can_esp32-F_Cu.gtl"

** (process:89272): CRITICAL **: 10:36:57.295: Unknown RS-274X extension found %TO% at line 712 in file "/workspace/a3-control-center-pcb/manufacturing/generated/rev-a-audit/gerbers/dual_can_esp32-F_Cu.gtl"

** (process:89272): CRITICAL **: 10:36:57.295: Unknown RS-274X extension found %TO% at line 713 in file "/workspace/a3-control-center-pcb/manufacturing/generated/rev-a-audit/gerbers/dual_can_esp32-F_Cu.gtl"

** (process:89272): CRITICAL **: 10:36:57.295: Unknown RS-274X extension found %TO% at line 715 in file "/workspace/a3-control-center-pcb/manufacturing/generated/rev-a-audit/gerbers/dual_can_esp32-F_Cu.gtl"

** (process:89272): CRITICAL **: 10:36:57.295: Unknown RS-274X extension found %TO% at line 716 in file "/workspace/a3-control-center-pcb/manufacturing/generated/rev-a-audit/gerbers/dual_can_esp32-F_Cu.gtl"

** (process:89272): CRITICAL **: 10:36:57.295: Unknown RS-274X extension found %TD% at line 718 in file "/workspace/a3-control-center-pcb/manufacturing/generated/rev-a-audit/gerbers/dual_can_esp32-F_Cu.gtl"

** (process:89272): CRITICAL **: 10:36:57.295: Unknown RS-274X extension found %TO% at line 720 in file "/workspace/a3-control-center-pcb/manufacturing/generated/rev-a-audit/gerbers/dual_can_esp32-F_Cu.gtl"

** (process:89272): CRITICAL **: 10:36:57.295: Unknown RS-274X extension found %TO% at line 721 in file "/workspace/a3-control-center-pcb/manufacturing/generated/rev-a-audit/gerbers/dual_can_esp32-F_Cu.gtl"

** (process:89272): CRITICAL **: 10:36:57.295: Unknown RS-274X extension found %TO% at line 723 in file "/workspace/a3-control-center-pcb/manufacturing/generated/rev-a-audit/gerbers/dual_can_esp32-F_Cu.gtl"

** (process:89272): CRITICAL **: 10:36:57.295: Unknown RS-274X extension found %TO% at line 724 in file "/workspace/a3-control-center-pcb/manufacturing/generated/rev-a-audit/gerbers/dual_can_esp32-F_Cu.gtl"

** (process:89272): CRITICAL **: 10:36:57.295: Unknown RS-274X extension found %TD% at line 726 in file "/workspace/a3-control-center-pcb/manufacturing/generated/rev-a-audit/gerbers/dual_can_esp32-F_Cu.gtl"

** (process:89272): CRITICAL **: 10:36:57.295: Unknown RS-274X extension found %TO% at line 728 in file "/workspace/a3-control-center-pcb/manufacturing/generated/rev-a-audit/gerbers/dual_can_esp32-F_Cu.gtl"

** (process:89272): CRITICAL **: 10:36:57.295: Unknown RS-274X extension found %TO% at line 729 in file "/workspace/a3-control-center-pcb/manufacturing/generated/rev-a-audit/gerbers/dual_can_esp32-F_Cu.gtl"

** (process:89272): CRITICAL **: 10:36:57.296: Unknown RS-274X extension found %TD% at line 731 in file "/workspace/a3-control-center-pcb/manufacturing/generated/rev-a-audit/gerbers/dual_can_esp32-F_Cu.gtl"

** (process:89272): CRITICAL **: 10:36:57.296: Unknown RS-274X extension found %TO% at line 733 in file "/workspace/a3-control-center-pcb/manufacturing/generated/rev-a-audit/gerbers/dual_can_esp32-F_Cu.gtl"

** (process:89272): CRITICAL **: 10:36:57.296: Unknown RS-274X extension found %TO% at line 734 in file "/workspace/a3-control-center-pcb/manufacturing/generated/rev-a-audit/gerbers/dual_can_esp32-F_Cu.gtl"

** (process:89272): CRITICAL **: 10:36:57.296: Unknown RS-274X extension found %TO% at line 736 in file "/workspace/a3-control-center-pcb/manufacturing/generated/rev-a-audit/gerbers/dual_can_esp32-F_Cu.gtl"

** (process:89272): CRITICAL **: 10:36:57.296: Unknown RS-274X extension found %TO% at line 737 in file "/workspace/a3-control-center-pcb/manufacturing/generated/rev-a-audit/gerbers/dual_can_esp32-F_Cu.gtl"

** (process:89272): CRITICAL **: 10:36:57.296: Unknown RS-274X extension found %TD% at line 739 in file "/workspace/a3-control-center-pcb/manufacturing/generated/rev-a-audit/gerbers/dual_can_esp32-F_Cu.gtl"

** (process:89272): CRITICAL **: 10:36:57.296: Unknown RS-274X extension found %TO% at line 741 in file "/workspace/a3-control-center-pcb/manufacturing/generated/rev-a-audit/gerbers/dual_can_esp32-F_Cu.gtl"

** (process:89272): CRITICAL **: 10:36:57.296: Unknown RS-274X extension found %TO% at line 742 in file "/workspace/a3-control-center-pcb/manufacturing/generated/rev-a-audit/gerbers/dual_can_esp32-F_Cu.gtl"

** (process:89272): CRITICAL **: 10:36:57.296: Unknown RS-274X extension found %TO% at line 744 in file "/workspace/a3-control-center-pcb/manufacturing/generated/rev-a-audit/gerbers/dual_can_esp32-F_Cu.gtl"

** (process:89272): CRITICAL **: 10:36:57.296: Unknown RS-274X extension found %TO% at line 745 in file "/workspace/a3-control-center-pcb/manufacturing/generated/rev-a-audit/gerbers/dual_can_esp32-F_Cu.gtl"

** (process:89272): CRITICAL **: 10:36:57.296: Unknown RS-274X extension found %TD% at line 747 in file "/workspace/a3-control-center-pcb/manufacturing/generated/rev-a-audit/gerbers/dual_can_esp32-F_Cu.gtl"

** (process:89272): CRITICAL **: 10:36:57.296: Unknown RS-274X extension found %TO% at line 748 in file "/workspace/a3-control-center-pcb/manufacturing/generated/rev-a-audit/gerbers/dual_can_esp32-F_Cu.gtl"

** (process:89272): CRITICAL **: 10:36:57.296: Unknown RS-274X extension found %TO% at line 749 in file "/workspace/a3-control-center-pcb/manufacturing/generated/rev-a-audit/gerbers/dual_can_esp32-F_Cu.gtl"

** (process:89272): CRITICAL **: 10:36:57.296: Unknown RS-274X extension found %TO% at line 751 in file "/workspace/a3-control-center-pcb/manufacturing/generated/rev-a-audit/gerbers/dual_can_esp32-F_Cu.gtl"

** (process:89272): CRITICAL **: 10:36:57.296: Unknown RS-274X extension found %TO% at line 752 in file "/workspace/a3-control-center-pcb/manufacturing/generated/rev-a-audit/gerbers/dual_can_esp32-F_Cu.gtl"

** (process:89272): CRITICAL **: 10:36:57.296: Unknown RS-274X extension found %TD% at line 754 in file "/workspace/a3-control-center-pcb/manufacturing/generated/rev-a-audit/gerbers/dual_can_esp32-F_Cu.gtl"

** (process:89272): CRITICAL **: 10:36:57.296: Unknown RS-274X extension found %TO% at line 756 in file "/workspace/a3-control-center-pcb/manufacturing/generated/rev-a-audit/gerbers/dual_can_esp32-F_Cu.gtl"

** (process:89272): CRITICAL **: 10:36:57.296: Unknown RS-274X extension found %TO% at line 757 in file "/workspace/a3-control-center-pcb/manufacturing/generated/rev-a-audit/gerbers/dual_can_esp32-F_Cu.gtl"

** (process:89272): CRITICAL **: 10:36:57.296: Unknown RS-274X extension found %TD% at line 759 in file "/workspace/a3-control-center-pcb/manufacturing/generated/rev-a-audit/gerbers/dual_can_esp32-F_Cu.gtl"

** (process:89272): CRITICAL **: 10:36:57.296: Unknown RS-274X extension found %TO% at line 761 in file "/workspace/a3-control-center-pcb/manufacturing/generated/rev-a-audit/gerbers/dual_can_esp32-F_Cu.gtl"

** (process:89272): CRITICAL **: 10:36:57.296: Unknown RS-274X extension found %TO% at line 762 in file "/workspace/a3-control-center-pcb/manufacturing/generated/rev-a-audit/gerbers/dual_can_esp32-F_Cu.gtl"

** (process:89272): CRITICAL **: 10:36:57.296: Unknown RS-274X extension found %TO% at line 764 in file "/workspace/a3-control-center-pcb/manufacturing/generated/rev-a-audit/gerbers/dual_can_esp32-F_Cu.gtl"

** (process:89272): CRITICAL **: 10:36:57.296: Unknown RS-274X extension found %TO% at line 765 in file "/workspace/a3-control-center-pcb/manufacturing/generated/rev-a-audit/gerbers/dual_can_esp32-F_Cu.gtl"

** (process:89272): CRITICAL **: 10:36:57.296: Unknown RS-274X extension found %TD% at line 767 in file "/workspace/a3-control-center-pcb/manufacturing/generated/rev-a-audit/gerbers/dual_can_esp32-F_Cu.gtl"

** (process:89272): CRITICAL **: 10:36:57.297: Unknown RS-274X extension found %TO% at line 769 in file "/workspace/a3-control-center-pcb/manufacturing/generated/rev-a-audit/gerbers/dual_can_esp32-F_Cu.gtl"

** (process:89272): CRITICAL **: 10:36:57.297: Unknown RS-274X extension found %TO% at line 770 in file "/workspace/a3-control-center-pcb/manufacturing/generated/rev-a-audit/gerbers/dual_can_esp32-F_Cu.gtl"

** (process:89272): CRITICAL **: 10:36:57.297: Unknown RS-274X extension found %TO% at line 772 in file "/workspace/a3-control-center-pcb/manufacturing/generated/rev-a-audit/gerbers/dual_can_esp32-F_Cu.gtl"

** (process:89272): CRITICAL **: 10:36:57.297: Unknown RS-274X extension found %TO% at line 773 in file "/workspace/a3-control-center-pcb/manufacturing/generated/rev-a-audit/gerbers/dual_can_esp32-F_Cu.gtl"

** (process:89272): CRITICAL **: 10:36:57.297: Unknown RS-274X extension found %TD% at line 775 in file "/workspace/a3-control-center-pcb/manufacturing/generated/rev-a-audit/gerbers/dual_can_esp32-F_Cu.gtl"

** (process:89272): CRITICAL **: 10:36:57.297: Unknown RS-274X extension found %TO% at line 777 in file "/workspace/a3-control-center-pcb/manufacturing/generated/rev-a-audit/gerbers/dual_can_esp32-F_Cu.gtl"

** (process:89272): CRITICAL **: 10:36:57.297: Unknown RS-274X extension found %TO% at line 778 in file "/workspace/a3-control-center-pcb/manufacturing/generated/rev-a-audit/gerbers/dual_can_esp32-F_Cu.gtl"

** (process:89272): CRITICAL **: 10:36:57.297: Unknown RS-274X extension found %TO% at line 780 in file "/workspace/a3-control-center-pcb/manufacturing/generated/rev-a-audit/gerbers/dual_can_esp32-F_Cu.gtl"

** (process:89272): CRITICAL **: 10:36:57.297: Unknown RS-274X extension found %TO% at line 781 in file "/workspace/a3-control-center-pcb/manufacturing/generated/rev-a-audit/gerbers/dual_can_esp32-F_Cu.gtl"

** (process:89272): CRITICAL **: 10:36:57.297: Unknown RS-274X extension found %TD% at line 783 in file "/workspace/a3-control-center-pcb/manufacturing/generated/rev-a-audit/gerbers/dual_can_esp32-F_Cu.gtl"

** (process:89272): CRITICAL **: 10:36:57.297: Unknown RS-274X extension found %TO% at line 785 in file "/workspace/a3-control-center-pcb/manufacturing/generated/rev-a-audit/gerbers/dual_can_esp32-F_Cu.gtl"

** (process:89272): CRITICAL **: 10:36:57.297: Unknown RS-274X extension found %TO% at line 786 in file "/workspace/a3-control-center-pcb/manufacturing/generated/rev-a-audit/gerbers/dual_can_esp32-F_Cu.gtl"

** (process:89272): CRITICAL **: 10:36:57.297: Unknown RS-274X extension found %TO% at line 788 in file "/workspace/a3-control-center-pcb/manufacturing/generated/rev-a-audit/gerbers/dual_can_esp32-F_Cu.gtl"

** (process:89272): CRITICAL **: 10:36:57.297: Unknown RS-274X extension found %TO% at line 789 in file "/workspace/a3-control-center-pcb/manufacturing/generated/rev-a-audit/gerbers/dual_can_esp32-F_Cu.gtl"

** (process:89272): CRITICAL **: 10:36:57.297: Unknown RS-274X extension found %TD% at line 791 in file "/workspace/a3-control-center-pcb/manufacturing/generated/rev-a-audit/gerbers/dual_can_esp32-F_Cu.gtl"

** (process:89272): CRITICAL **: 10:36:57.297: Unknown RS-274X extension found %TO% at line 793 in file "/workspace/a3-control-center-pcb/manufacturing/generated/rev-a-audit/gerbers/dual_can_esp32-F_Cu.gtl"

** (process:89272): CRITICAL **: 10:36:57.297: Unknown RS-274X extension found %TO% at line 794 in file "/workspace/a3-control-center-pcb/manufacturing/generated/rev-a-audit/gerbers/dual_can_esp32-F_Cu.gtl"

** (process:89272): CRITICAL **: 10:36:57.297: Unknown RS-274X extension found %TO% at line 796 in file "/workspace/a3-control-center-pcb/manufacturing/generated/rev-a-audit/gerbers/dual_can_esp32-F_Cu.gtl"

** (process:89272): CRITICAL **: 10:36:57.297: Unknown RS-274X extension found %TO% at line 797 in file "/workspace/a3-control-center-pcb/manufacturing/generated/rev-a-audit/gerbers/dual_can_esp32-F_Cu.gtl"

** (process:89272): CRITICAL **: 10:36:57.297: Unknown RS-274X extension found %TO% at line 799 in file "/workspace/a3-control-center-pcb/manufacturing/generated/rev-a-audit/gerbers/dual_can_esp32-F_Cu.gtl"

** (process:89272): CRITICAL **: 10:36:57.297: Unknown RS-274X extension found %TO% at line 800 in file "/workspace/a3-control-center-pcb/manufacturing/generated/rev-a-audit/gerbers/dual_can_esp32-F_Cu.gtl"

** (process:89272): CRITICAL **: 10:36:57.297: Unknown RS-274X extension found %TO% at line 802 in file "/workspace/a3-control-center-pcb/manufacturing/generated/rev-a-audit/gerbers/dual_can_esp32-F_Cu.gtl"

** (process:89272): CRITICAL **: 10:36:57.297: Unknown RS-274X extension found %TO% at line 803 in file "/workspace/a3-control-center-pcb/manufacturing/generated/rev-a-audit/gerbers/dual_can_esp32-F_Cu.gtl"

** (process:89272): CRITICAL **: 10:36:57.297: Unknown RS-274X extension found %TD% at line 805 in file "/workspace/a3-control-center-pcb/manufacturing/generated/rev-a-audit/gerbers/dual_can_esp32-F_Cu.gtl"

** (process:89272): CRITICAL **: 10:36:57.298: Unknown RS-274X extension found %TO% at line 807 in file "/workspace/a3-control-center-pcb/manufacturing/generated/rev-a-audit/gerbers/dual_can_esp32-F_Cu.gtl"

** (process:89272): CRITICAL **: 10:36:57.298: Unknown RS-274X extension found %TO% at line 808 in file "/workspace/a3-control-center-pcb/manufacturing/generated/rev-a-audit/gerbers/dual_can_esp32-F_Cu.gtl"

** (process:89272): CRITICAL **: 10:36:57.298: Unknown RS-274X extension found %TO% at line 810 in file "/workspace/a3-control-center-pcb/manufacturing/generated/rev-a-audit/gerbers/dual_can_esp32-F_Cu.gtl"

** (process:89272): CRITICAL **: 10:36:57.298: Unknown RS-274X extension found %TO% at line 811 in file "/workspace/a3-control-center-pcb/manufacturing/generated/rev-a-audit/gerbers/dual_can_esp32-F_Cu.gtl"

** (process:89272): CRITICAL **: 10:36:57.298: Unknown RS-274X extension found %TO% at line 814 in file "/workspace/a3-control-center-pcb/manufacturing/generated/rev-a-audit/gerbers/dual_can_esp32-F_Cu.gtl"

** (process:89272): CRITICAL **: 10:36:57.298: Unknown RS-274X extension found %TO% at line 815 in file "/workspace/a3-control-center-pcb/manufacturing/generated/rev-a-audit/gerbers/dual_can_esp32-F_Cu.gtl"

** (process:89272): CRITICAL **: 10:36:57.298: Unknown RS-274X extension found %TO% at line 817 in file "/workspace/a3-control-center-pcb/manufacturing/generated/rev-a-audit/gerbers/dual_can_esp32-F_Cu.gtl"

** (process:89272): CRITICAL **: 10:36:57.298: Unknown RS-274X extension found %TO% at line 818 in file "/workspace/a3-control-center-pcb/manufacturing/generated/rev-a-audit/gerbers/dual_can_esp32-F_Cu.gtl"

** (process:89272): CRITICAL **: 10:36:57.298: Unknown RS-274X extension found %TO% at line 820 in file "/workspace/a3-control-center-pcb/manufacturing/generated/rev-a-audit/gerbers/dual_can_esp32-F_Cu.gtl"

** (process:89272): CRITICAL **: 10:36:57.298: Unknown RS-274X extension found %TO% at line 821 in file "/workspace/a3-control-center-pcb/manufacturing/generated/rev-a-audit/gerbers/dual_can_esp32-F_Cu.gtl"

** (process:89272): CRITICAL **: 10:36:57.298: Unknown RS-274X extension found %TO% at line 823 in file "/workspace/a3-control-center-pcb/manufacturing/generated/rev-a-audit/gerbers/dual_can_esp32-F_Cu.gtl"

** (process:89272): CRITICAL **: 10:36:57.298: Unknown RS-274X extension found %TO% at line 824 in file "/workspace/a3-control-center-pcb/manufacturing/generated/rev-a-audit/gerbers/dual_can_esp32-F_Cu.gtl"

** (process:89272): CRITICAL **: 10:36:57.298: Unknown RS-274X extension found %TO% at line 827 in file "/workspace/a3-control-center-pcb/manufacturing/generated/rev-a-audit/gerbers/dual_can_esp32-F_Cu.gtl"

** (process:89272): CRITICAL **: 10:36:57.298: Unknown RS-274X extension found %TO% at line 828 in file "/workspace/a3-control-center-pcb/manufacturing/generated/rev-a-audit/gerbers/dual_can_esp32-F_Cu.gtl"

** (process:89272): CRITICAL **: 10:36:57.298: Unknown RS-274X extension found %TO% at line 830 in file "/workspace/a3-control-center-pcb/manufacturing/generated/rev-a-audit/gerbers/dual_can_esp32-F_Cu.gtl"

** (process:89272): CRITICAL **: 10:36:57.298: Unknown RS-274X extension found %TO% at line 831 in file "/workspace/a3-control-center-pcb/manufacturing/generated/rev-a-audit/gerbers/dual_can_esp32-F_Cu.gtl"

** (process:89272): CRITICAL **: 10:36:57.298: Unknown RS-274X extension found %TO% at line 833 in file "/workspace/a3-control-center-pcb/manufacturing/generated/rev-a-audit/gerbers/dual_can_esp32-F_Cu.gtl"

** (process:89272): CRITICAL **: 10:36:57.298: Unknown RS-274X extension found %TO% at line 835 in file "/workspace/a3-control-center-pcb/manufacturing/generated/rev-a-audit/gerbers/dual_can_esp32-F_Cu.gtl"

** (process:89272): CRITICAL **: 10:36:57.298: Unknown RS-274X extension found %TO% at line 836 in file "/workspace/a3-control-center-pcb/manufacturing/generated/rev-a-audit/gerbers/dual_can_esp32-F_Cu.gtl"

** (process:89272): CRITICAL **: 10:36:57.298: Unknown RS-274X extension found %TO% at line 839 in file "/workspace/a3-control-center-pcb/manufacturing/generated/rev-a-audit/gerbers/dual_can_esp32-F_Cu.gtl"

** (process:89272): CRITICAL **: 10:36:57.298: Unknown RS-274X extension found %TO% at line 840 in file "/workspace/a3-control-center-pcb/manufacturing/generated/rev-a-audit/gerbers/dual_can_esp32-F_Cu.gtl"

** (process:89272): CRITICAL **: 10:36:57.298: Unknown RS-274X extension found %TO% at line 842 in file "/workspace/a3-control-center-pcb/manufacturing/generated/rev-a-audit/gerbers/dual_can_esp32-F_Cu.gtl"

** (process:89272): CRITICAL **: 10:36:57.298: Unknown RS-274X extension found %TO% at line 843 in file "/workspace/a3-control-center-pcb/manufacturing/generated/rev-a-audit/gerbers/dual_can_esp32-F_Cu.gtl"

** (process:89272): CRITICAL **: 10:36:57.299: Unknown RS-274X extension found %TO% at line 845 in file "/workspace/a3-control-center-pcb/manufacturing/generated/rev-a-audit/gerbers/dual_can_esp32-F_Cu.gtl"

** (process:89272): CRITICAL **: 10:36:57.299: Unknown RS-274X extension found %TO% at line 846 in file "/workspace/a3-control-center-pcb/manufacturing/generated/rev-a-audit/gerbers/dual_can_esp32-F_Cu.gtl"

** (process:89272): CRITICAL **: 10:36:57.299: Unknown RS-274X extension found %TO% at line 848 in file "/workspace/a3-control-center-pcb/manufacturing/generated/rev-a-audit/gerbers/dual_can_esp32-F_Cu.gtl"

** (process:89272): CRITICAL **: 10:36:57.299: Unknown RS-274X extension found %TO% at line 849 in file "/workspace/a3-control-center-pcb/manufacturing/generated/rev-a-audit/gerbers/dual_can_esp32-F_Cu.gtl"

** (process:89272): CRITICAL **: 10:36:57.299: Unknown RS-274X extension found %TO% at line 852 in file "/workspace/a3-control-center-pcb/manufacturing/generated/rev-a-audit/gerbers/dual_can_esp32-F_Cu.gtl"

** (process:89272): CRITICAL **: 10:36:57.299: Unknown RS-274X extension found %TO% at line 853 in file "/workspace/a3-control-center-pcb/manufacturing/generated/rev-a-audit/gerbers/dual_can_esp32-F_Cu.gtl"

** (process:89272): CRITICAL **: 10:36:57.299: Unknown RS-274X extension found %TO% at line 855 in file "/workspace/a3-control-center-pcb/manufacturing/generated/rev-a-audit/gerbers/dual_can_esp32-F_Cu.gtl"

** (process:89272): CRITICAL **: 10:36:57.299: Unknown RS-274X extension found %TO% at line 856 in file "/workspace/a3-control-center-pcb/manufacturing/generated/rev-a-audit/gerbers/dual_can_esp32-F_Cu.gtl"

** (process:89272): CRITICAL **: 10:36:57.299: Unknown RS-274X extension found %TO% at line 859 in file "/workspace/a3-control-center-pcb/manufacturing/generated/rev-a-audit/gerbers/dual_can_esp32-F_Cu.gtl"

** (process:89272): CRITICAL **: 10:36:57.299: Unknown RS-274X extension found %TO% at line 860 in file "/workspace/a3-control-center-pcb/manufacturing/generated/rev-a-audit/gerbers/dual_can_esp32-F_Cu.gtl"

** (process:89272): CRITICAL **: 10:36:57.299: Unknown RS-274X extension found %TD% at line 868 in file "/workspace/a3-control-center-pcb/manufacturing/generated/rev-a-audit/gerbers/dual_can_esp32-F_Cu.gtl"

** (process:89272): CRITICAL **: 10:36:57.299: Unknown RS-274X extension found %TO% at line 870 in file "/workspace/a3-control-center-pcb/manufacturing/generated/rev-a-audit/gerbers/dual_can_esp32-F_Cu.gtl"

** (process:89272): CRITICAL **: 10:36:57.299: Unknown RS-274X extension found %TO% at line 871 in file "/workspace/a3-control-center-pcb/manufacturing/generated/rev-a-audit/gerbers/dual_can_esp32-F_Cu.gtl"

** (process:89272): CRITICAL **: 10:36:57.299: Unknown RS-274X extension found %TO% at line 873 in file "/workspace/a3-control-center-pcb/manufacturing/generated/rev-a-audit/gerbers/dual_can_esp32-F_Cu.gtl"

** (process:89272): CRITICAL **: 10:36:57.299: Unknown RS-274X extension found %TO% at line 874 in file "/workspace/a3-control-center-pcb/manufacturing/generated/rev-a-audit/gerbers/dual_can_esp32-F_Cu.gtl"

** (process:89272): CRITICAL **: 10:36:57.299: Unknown RS-274X extension found %TO% at line 876 in file "/workspace/a3-control-center-pcb/manufacturing/generated/rev-a-audit/gerbers/dual_can_esp32-F_Cu.gtl"

** (process:89272): CRITICAL **: 10:36:57.299: Unknown RS-274X extension found %TO% at line 877 in file "/workspace/a3-control-center-pcb/manufacturing/generated/rev-a-audit/gerbers/dual_can_esp32-F_Cu.gtl"

** (process:89272): CRITICAL **: 10:36:57.299: Unknown RS-274X extension found %TO% at line 879 in file "/workspace/a3-control-center-pcb/manufacturing/generated/rev-a-audit/gerbers/dual_can_esp32-F_Cu.gtl"

** (process:89272): CRITICAL **: 10:36:57.299: Unknown RS-274X extension found %TO% at line 880 in file "/workspace/a3-control-center-pcb/manufacturing/generated/rev-a-audit/gerbers/dual_can_esp32-F_Cu.gtl"

** (process:89272): CRITICAL **: 10:36:57.299: Unknown RS-274X extension found %TO% at line 882 in file "/workspace/a3-control-center-pcb/manufacturing/generated/rev-a-audit/gerbers/dual_can_esp32-F_Cu.gtl"

** (process:89272): CRITICAL **: 10:36:57.299: Unknown RS-274X extension found %TO% at line 883 in file "/workspace/a3-control-center-pcb/manufacturing/generated/rev-a-audit/gerbers/dual_can_esp32-F_Cu.gtl"

** (process:89272): CRITICAL **: 10:36:57.299: Unknown RS-274X extension found %TO% at line 885 in file "/workspace/a3-control-center-pcb/manufacturing/generated/rev-a-audit/gerbers/dual_can_esp32-F_Cu.gtl"

** (process:89272): CRITICAL **: 10:36:57.299: Unknown RS-274X extension found %TO% at line 886 in file "/workspace/a3-control-center-pcb/manufacturing/generated/rev-a-audit/gerbers/dual_can_esp32-F_Cu.gtl"

** (process:89272): CRITICAL **: 10:36:57.299: Unknown RS-274X extension found %TD% at line 888 in file "/workspace/a3-control-center-pcb/manufacturing/generated/rev-a-audit/gerbers/dual_can_esp32-F_Cu.gtl"

** (process:89272): CRITICAL **: 10:36:57.300: Unknown RS-274X extension found %TO% at line 890 in file "/workspace/a3-control-center-pcb/manufacturing/generated/rev-a-audit/gerbers/dual_can_esp32-F_Cu.gtl"

** (process:89272): CRITICAL **: 10:36:57.300: Unknown RS-274X extension found %TO% at line 891 in file "/workspace/a3-control-center-pcb/manufacturing/generated/rev-a-audit/gerbers/dual_can_esp32-F_Cu.gtl"

** (process:89272): CRITICAL **: 10:36:57.300: Unknown RS-274X extension found %TO% at line 894 in file "/workspace/a3-control-center-pcb/manufacturing/generated/rev-a-audit/gerbers/dual_can_esp32-F_Cu.gtl"

** (process:89272): CRITICAL **: 10:36:57.300: Unknown RS-274X extension found %TO% at line 895 in file "/workspace/a3-control-center-pcb/manufacturing/generated/rev-a-audit/gerbers/dual_can_esp32-F_Cu.gtl"

** (process:89272): CRITICAL **: 10:36:57.300: Unknown RS-274X extension found %TD% at line 897 in file "/workspace/a3-control-center-pcb/manufacturing/generated/rev-a-audit/gerbers/dual_can_esp32-F_Cu.gtl"

** (process:89272): CRITICAL **: 10:36:57.300: Unknown RS-274X extension found %TO% at line 899 in file "/workspace/a3-control-center-pcb/manufacturing/generated/rev-a-audit/gerbers/dual_can_esp32-F_Cu.gtl"

** (process:89272): CRITICAL **: 10:36:57.300: Unknown RS-274X extension found %TO% at line 900 in file "/workspace/a3-control-center-pcb/manufacturing/generated/rev-a-audit/gerbers/dual_can_esp32-F_Cu.gtl"

** (process:89272): CRITICAL **: 10:36:57.300: Unknown RS-274X extension found %TO% at line 902 in file "/workspace/a3-control-center-pcb/manufacturing/generated/rev-a-audit/gerbers/dual_can_esp32-F_Cu.gtl"

** (process:89272): CRITICAL **: 10:36:57.300: Unknown RS-274X extension found %TO% at line 903 in file "/workspace/a3-control-center-pcb/manufacturing/generated/rev-a-audit/gerbers/dual_can_esp32-F_Cu.gtl"

** (process:89272): CRITICAL **: 10:36:57.300: Unknown RS-274X extension found %TO% at line 905 in file "/workspace/a3-control-center-pcb/manufacturing/generated/rev-a-audit/gerbers/dual_can_esp32-F_Cu.gtl"

** (process:89272): CRITICAL **: 10:36:57.300: Unknown RS-274X extension found %TO% at line 906 in file "/workspace/a3-control-center-pcb/manufacturing/generated/rev-a-audit/gerbers/dual_can_esp32-F_Cu.gtl"

** (process:89272): CRITICAL **: 10:36:57.300: Unknown RS-274X extension found %TD% at line 908 in file "/workspace/a3-control-center-pcb/manufacturing/generated/rev-a-audit/gerbers/dual_can_esp32-F_Cu.gtl"

** (process:89272): CRITICAL **: 10:36:57.300: Unknown RS-274X extension found %TO% at line 910 in file "/workspace/a3-control-center-pcb/manufacturing/generated/rev-a-audit/gerbers/dual_can_esp32-F_Cu.gtl"

** (process:89272): CRITICAL **: 10:36:57.300: Unknown RS-274X extension found %TO% at line 911 in file "/workspace/a3-control-center-pcb/manufacturing/generated/rev-a-audit/gerbers/dual_can_esp32-F_Cu.gtl"

** (process:89272): CRITICAL **: 10:36:57.300: Unknown RS-274X extension found %TO% at line 913 in file "/workspace/a3-control-center-pcb/manufacturing/generated/rev-a-audit/gerbers/dual_can_esp32-F_Cu.gtl"

** (process:89272): CRITICAL **: 10:36:57.300: Unknown RS-274X extension found %TO% at line 914 in file "/workspace/a3-control-center-pcb/manufacturing/generated/rev-a-audit/gerbers/dual_can_esp32-F_Cu.gtl"

** (process:89272): CRITICAL **: 10:36:57.300: Unknown RS-274X extension found %TD% at line 916 in file "/workspace/a3-control-center-pcb/manufacturing/generated/rev-a-audit/gerbers/dual_can_esp32-F_Cu.gtl"

** (process:89272): CRITICAL **: 10:36:57.300: Unknown RS-274X extension found %TO% at line 918 in file "/workspace/a3-control-center-pcb/manufacturing/generated/rev-a-audit/gerbers/dual_can_esp32-F_Cu.gtl"

** (process:89272): CRITICAL **: 10:36:57.300: Unknown RS-274X extension found %TO% at line 919 in file "/workspace/a3-control-center-pcb/manufacturing/generated/rev-a-audit/gerbers/dual_can_esp32-F_Cu.gtl"

** (process:89272): CRITICAL **: 10:36:57.300: Unknown RS-274X extension found %TO% at line 922 in file "/workspace/a3-control-center-pcb/manufacturing/generated/rev-a-audit/gerbers/dual_can_esp32-F_Cu.gtl"

** (process:89272): CRITICAL **: 10:36:57.300: Unknown RS-274X extension found %TO% at line 923 in file "/workspace/a3-control-center-pcb/manufacturing/generated/rev-a-audit/gerbers/dual_can_esp32-F_Cu.gtl"

** (process:89272): CRITICAL **: 10:36:57.300: Unknown RS-274X extension found %TD% at line 926 in file "/workspace/a3-control-center-pcb/manufacturing/generated/rev-a-audit/gerbers/dual_can_esp32-F_Cu.gtl"

** (process:89272): CRITICAL **: 10:36:57.300: Unknown RS-274X extension found %TO% at line 928 in file "/workspace/a3-control-center-pcb/manufacturing/generated/rev-a-audit/gerbers/dual_can_esp32-F_Cu.gtl"

** (process:89272): CRITICAL **: 10:36:57.300: Unknown RS-274X extension found %TO% at line 929 in file "/workspace/a3-control-center-pcb/manufacturing/generated/rev-a-audit/gerbers/dual_can_esp32-F_Cu.gtl"

** (process:89272): CRITICAL **: 10:36:57.300: Unknown RS-274X extension found %TO% at line 931 in file "/workspace/a3-control-center-pcb/manufacturing/generated/rev-a-audit/gerbers/dual_can_esp32-F_Cu.gtl"

** (process:89272): CRITICAL **: 10:36:57.301: Unknown RS-274X extension found %TO% at line 932 in file "/workspace/a3-control-center-pcb/manufacturing/generated/rev-a-audit/gerbers/dual_can_esp32-F_Cu.gtl"

** (process:89272): CRITICAL **: 10:36:57.301: Unknown RS-274X extension found %TD% at line 934 in file "/workspace/a3-control-center-pcb/manufacturing/generated/rev-a-audit/gerbers/dual_can_esp32-F_Cu.gtl"

** (process:89272): CRITICAL **: 10:36:57.301: Unknown RS-274X extension found %TO% at line 936 in file "/workspace/a3-control-center-pcb/manufacturing/generated/rev-a-audit/gerbers/dual_can_esp32-F_Cu.gtl"

** (process:89272): CRITICAL **: 10:36:57.301: Unknown RS-274X extension found %TO% at line 937 in file "/workspace/a3-control-center-pcb/manufacturing/generated/rev-a-audit/gerbers/dual_can_esp32-F_Cu.gtl"

** (process:89272): CRITICAL **: 10:36:57.301: Unknown RS-274X extension found %TO% at line 939 in file "/workspace/a3-control-center-pcb/manufacturing/generated/rev-a-audit/gerbers/dual_can_esp32-F_Cu.gtl"

** (process:89272): CRITICAL **: 10:36:57.301: Unknown RS-274X extension found %TO% at line 940 in file "/workspace/a3-control-center-pcb/manufacturing/generated/rev-a-audit/gerbers/dual_can_esp32-F_Cu.gtl"

** (process:89272): CRITICAL **: 10:36:57.301: Unknown RS-274X extension found %TD% at line 942 in file "/workspace/a3-control-center-pcb/manufacturing/generated/rev-a-audit/gerbers/dual_can_esp32-F_Cu.gtl"

** (process:89272): CRITICAL **: 10:36:57.301: Unknown RS-274X extension found %TO% at line 944 in file "/workspace/a3-control-center-pcb/manufacturing/generated/rev-a-audit/gerbers/dual_can_esp32-F_Cu.gtl"

** (process:89272): CRITICAL **: 10:36:57.301: Unknown RS-274X extension found %TO% at line 945 in file "/workspace/a3-control-center-pcb/manufacturing/generated/rev-a-audit/gerbers/dual_can_esp32-F_Cu.gtl"

** (process:89272): CRITICAL **: 10:36:57.301: Unknown RS-274X extension found %TD% at line 947 in file "/workspace/a3-control-center-pcb/manufacturing/generated/rev-a-audit/gerbers/dual_can_esp32-F_Cu.gtl"

** (process:89272): CRITICAL **: 10:36:57.301: Unknown RS-274X extension found %TO% at line 949 in file "/workspace/a3-control-center-pcb/manufacturing/generated/rev-a-audit/gerbers/dual_can_esp32-F_Cu.gtl"

** (process:89272): CRITICAL **: 10:36:57.301: Unknown RS-274X extension found %TO% at line 950 in file "/workspace/a3-control-center-pcb/manufacturing/generated/rev-a-audit/gerbers/dual_can_esp32-F_Cu.gtl"

** (process:89272): CRITICAL **: 10:36:57.301: Unknown RS-274X extension found %TO% at line 952 in file "/workspace/a3-control-center-pcb/manufacturing/generated/rev-a-audit/gerbers/dual_can_esp32-F_Cu.gtl"

** (process:89272): CRITICAL **: 10:36:57.301: Unknown RS-274X extension found %TO% at line 953 in file "/workspace/a3-control-center-pcb/manufacturing/generated/rev-a-audit/gerbers/dual_can_esp32-F_Cu.gtl"

** (process:89272): CRITICAL **: 10:36:57.301: Unknown RS-274X extension found %TD% at line 955 in file "/workspace/a3-control-center-pcb/manufacturing/generated/rev-a-audit/gerbers/dual_can_esp32-F_Cu.gtl"

** (process:89272): CRITICAL **: 10:36:57.301: Unknown RS-274X extension found %TO% at line 957 in file "/workspace/a3-control-center-pcb/manufacturing/generated/rev-a-audit/gerbers/dual_can_esp32-F_Cu.gtl"

** (process:89272): CRITICAL **: 10:36:57.301: Unknown RS-274X extension found %TO% at line 958 in file "/workspace/a3-control-center-pcb/manufacturing/generated/rev-a-audit/gerbers/dual_can_esp32-F_Cu.gtl"

** (process:89272): CRITICAL **: 10:36:57.301: Unknown RS-274X extension found %TD% at line 960 in file "/workspace/a3-control-center-pcb/manufacturing/generated/rev-a-audit/gerbers/dual_can_esp32-F_Cu.gtl"

** (process:89272): CRITICAL **: 10:36:57.301: Unknown RS-274X extension found %TO% at line 962 in file "/workspace/a3-control-center-pcb/manufacturing/generated/rev-a-audit/gerbers/dual_can_esp32-F_Cu.gtl"

** (process:89272): CRITICAL **: 10:36:57.301: Unknown RS-274X extension found %TO% at line 963 in file "/workspace/a3-control-center-pcb/manufacturing/generated/rev-a-audit/gerbers/dual_can_esp32-F_Cu.gtl"

** (process:89272): CRITICAL **: 10:36:57.301: Unknown RS-274X extension found %TO% at line 965 in file "/workspace/a3-control-center-pcb/manufacturing/generated/rev-a-audit/gerbers/dual_can_esp32-F_Cu.gtl"

** (process:89272): CRITICAL **: 10:36:57.301: Unknown RS-274X extension found %TO% at line 966 in file "/workspace/a3-control-center-pcb/manufacturing/generated/rev-a-audit/gerbers/dual_can_esp32-F_Cu.gtl"

** (process:89272): CRITICAL **: 10:36:57.301: Unknown RS-274X extension found %TD% at line 968 in file "/workspace/a3-control-center-pcb/manufacturing/generated/rev-a-audit/gerbers/dual_can_esp32-F_Cu.gtl"

** (process:89272): CRITICAL **: 10:36:57.301: Unknown RS-274X extension found %TO% at line 970 in file "/workspace/a3-control-center-pcb/manufacturing/generated/rev-a-audit/gerbers/dual_can_esp32-F_Cu.gtl"

** (process:89272): CRITICAL **: 10:36:57.301: Unknown RS-274X extension found %TO% at line 971 in file "/workspace/a3-control-center-pcb/manufacturing/generated/rev-a-audit/gerbers/dual_can_esp32-F_Cu.gtl"

** (process:89272): CRITICAL **: 10:36:57.302: Unknown RS-274X extension found %TO% at line 973 in file "/workspace/a3-control-center-pcb/manufacturing/generated/rev-a-audit/gerbers/dual_can_esp32-F_Cu.gtl"

** (process:89272): CRITICAL **: 10:36:57.302: Unknown RS-274X extension found %TO% at line 974 in file "/workspace/a3-control-center-pcb/manufacturing/generated/rev-a-audit/gerbers/dual_can_esp32-F_Cu.gtl"

** (process:89272): CRITICAL **: 10:36:57.302: Unknown RS-274X extension found %TD% at line 976 in file "/workspace/a3-control-center-pcb/manufacturing/generated/rev-a-audit/gerbers/dual_can_esp32-F_Cu.gtl"

** (process:89272): CRITICAL **: 10:36:57.302: Unknown RS-274X extension found %TO% at line 978 in file "/workspace/a3-control-center-pcb/manufacturing/generated/rev-a-audit/gerbers/dual_can_esp32-F_Cu.gtl"

** (process:89272): CRITICAL **: 10:36:57.302: Unknown RS-274X extension found %TO% at line 979 in file "/workspace/a3-control-center-pcb/manufacturing/generated/rev-a-audit/gerbers/dual_can_esp32-F_Cu.gtl"

** (process:89272): CRITICAL **: 10:36:57.302: Unknown RS-274X extension found %TD% at line 981 in file "/workspace/a3-control-center-pcb/manufacturing/generated/rev-a-audit/gerbers/dual_can_esp32-F_Cu.gtl"

** (process:89272): CRITICAL **: 10:36:57.302: Unknown RS-274X extension found %TO% at line 983 in file "/workspace/a3-control-center-pcb/manufacturing/generated/rev-a-audit/gerbers/dual_can_esp32-F_Cu.gtl"

** (process:89272): CRITICAL **: 10:36:57.302: Unknown RS-274X extension found %TO% at line 984 in file "/workspace/a3-control-center-pcb/manufacturing/generated/rev-a-audit/gerbers/dual_can_esp32-F_Cu.gtl"

** (process:89272): CRITICAL **: 10:36:57.302: Unknown RS-274X extension found %TO% at line 986 in file "/workspace/a3-control-center-pcb/manufacturing/generated/rev-a-audit/gerbers/dual_can_esp32-F_Cu.gtl"

** (process:89272): CRITICAL **: 10:36:57.302: Unknown RS-274X extension found %TO% at line 987 in file "/workspace/a3-control-center-pcb/manufacturing/generated/rev-a-audit/gerbers/dual_can_esp32-F_Cu.gtl"

** (process:89272): CRITICAL **: 10:36:57.302: Unknown RS-274X extension found %TO% at line 989 in file "/workspace/a3-control-center-pcb/manufacturing/generated/rev-a-audit/gerbers/dual_can_esp32-F_Cu.gtl"

** (process:89272): CRITICAL **: 10:36:57.302: Unknown RS-274X extension found %TO% at line 990 in file "/workspace/a3-control-center-pcb/manufacturing/generated/rev-a-audit/gerbers/dual_can_esp32-F_Cu.gtl"

** (process:89272): CRITICAL **: 10:36:57.302: Unknown RS-274X extension found %TD% at line 992 in file "/workspace/a3-control-center-pcb/manufacturing/generated/rev-a-audit/gerbers/dual_can_esp32-F_Cu.gtl"

** (process:89272): CRITICAL **: 10:36:57.302: Unknown RS-274X extension found %TO% at line 994 in file "/workspace/a3-control-center-pcb/manufacturing/generated/rev-a-audit/gerbers/dual_can_esp32-F_Cu.gtl"

** (process:89272): CRITICAL **: 10:36:57.302: Unknown RS-274X extension found %TO% at line 995 in file "/workspace/a3-control-center-pcb/manufacturing/generated/rev-a-audit/gerbers/dual_can_esp32-F_Cu.gtl"

** (process:89272): CRITICAL **: 10:36:57.302: Unknown RS-274X extension found %TO% at line 997 in file "/workspace/a3-control-center-pcb/manufacturing/generated/rev-a-audit/gerbers/dual_can_esp32-F_Cu.gtl"

** (process:89272): CRITICAL **: 10:36:57.302: Unknown RS-274X extension found %TO% at line 998 in file "/workspace/a3-control-center-pcb/manufacturing/generated/rev-a-audit/gerbers/dual_can_esp32-F_Cu.gtl"

** (process:89272): CRITICAL **: 10:36:57.302: Unknown RS-274X extension found %TD% at line 1000 in file "/workspace/a3-control-center-pcb/manufacturing/generated/rev-a-audit/gerbers/dual_can_esp32-F_Cu.gtl"

** (process:89272): CRITICAL **: 10:36:57.302: Unknown RS-274X extension found %TO% at line 1002 in file "/workspace/a3-control-center-pcb/manufacturing/generated/rev-a-audit/gerbers/dual_can_esp32-F_Cu.gtl"

** (process:89272): CRITICAL **: 10:36:57.302: Unknown RS-274X extension found %TO% at line 1003 in file "/workspace/a3-control-center-pcb/manufacturing/generated/rev-a-audit/gerbers/dual_can_esp32-F_Cu.gtl"

** (process:89272): CRITICAL **: 10:36:57.302: Unknown RS-274X extension found %TO% at line 1005 in file "/workspace/a3-control-center-pcb/manufacturing/generated/rev-a-audit/gerbers/dual_can_esp32-F_Cu.gtl"

** (process:89272): CRITICAL **: 10:36:57.302: Unknown RS-274X extension found %TO% at line 1006 in file "/workspace/a3-control-center-pcb/manufacturing/generated/rev-a-audit/gerbers/dual_can_esp32-F_Cu.gtl"

** (process:89272): CRITICAL **: 10:36:57.302: Unknown RS-274X extension found %TD% at line 1008 in file "/workspace/a3-control-center-pcb/manufacturing/generated/rev-a-audit/gerbers/dual_can_esp32-F_Cu.gtl"

** (process:89272): CRITICAL **: 10:36:57.302: Unknown RS-274X extension found %TO% at line 1010 in file "/workspace/a3-control-center-pcb/manufacturing/generated/rev-a-audit/gerbers/dual_can_esp32-F_Cu.gtl"

** (process:89272): CRITICAL **: 10:36:57.302: Unknown RS-274X extension found %TO% at line 1011 in file "/workspace/a3-control-center-pcb/manufacturing/generated/rev-a-audit/gerbers/dual_can_esp32-F_Cu.gtl"

** (process:89272): CRITICAL **: 10:36:57.302: Unknown RS-274X extension found %TO% at line 1013 in file "/workspace/a3-control-center-pcb/manufacturing/generated/rev-a-audit/gerbers/dual_can_esp32-F_Cu.gtl"

** (process:89272): CRITICAL **: 10:36:57.302: Unknown RS-274X extension found %TO% at line 1014 in file "/workspace/a3-control-center-pcb/manufacturing/generated/rev-a-audit/gerbers/dual_can_esp32-F_Cu.gtl"

** (process:89272): CRITICAL **: 10:36:57.303: Unknown RS-274X extension found %TD% at line 1016 in file "/workspace/a3-control-center-pcb/manufacturing/generated/rev-a-audit/gerbers/dual_can_esp32-F_Cu.gtl"

** (process:89272): CRITICAL **: 10:36:57.303: Unknown RS-274X extension found %TO% at line 1018 in file "/workspace/a3-control-center-pcb/manufacturing/generated/rev-a-audit/gerbers/dual_can_esp32-F_Cu.gtl"

** (process:89272): CRITICAL **: 10:36:57.303: Unknown RS-274X extension found %TO% at line 1019 in file "/workspace/a3-control-center-pcb/manufacturing/generated/rev-a-audit/gerbers/dual_can_esp32-F_Cu.gtl"

** (process:89272): CRITICAL **: 10:36:57.303: Unknown RS-274X extension found %TO% at line 1021 in file "/workspace/a3-control-center-pcb/manufacturing/generated/rev-a-audit/gerbers/dual_can_esp32-F_Cu.gtl"

** (process:89272): CRITICAL **: 10:36:57.303: Unknown RS-274X extension found %TO% at line 1022 in file "/workspace/a3-control-center-pcb/manufacturing/generated/rev-a-audit/gerbers/dual_can_esp32-F_Cu.gtl"

** (process:89272): CRITICAL **: 10:36:57.303: Unknown RS-274X extension found %TO% at line 1024 in file "/workspace/a3-control-center-pcb/manufacturing/generated/rev-a-audit/gerbers/dual_can_esp32-F_Cu.gtl"

** (process:89272): CRITICAL **: 10:36:57.303: Unknown RS-274X extension found %TO% at line 1025 in file "/workspace/a3-control-center-pcb/manufacturing/generated/rev-a-audit/gerbers/dual_can_esp32-F_Cu.gtl"

** (process:89272): CRITICAL **: 10:36:57.303: Unknown RS-274X extension found %TO% at line 1027 in file "/workspace/a3-control-center-pcb/manufacturing/generated/rev-a-audit/gerbers/dual_can_esp32-F_Cu.gtl"

** (process:89272): CRITICAL **: 10:36:57.303: Unknown RS-274X extension found %TO% at line 1028 in file "/workspace/a3-control-center-pcb/manufacturing/generated/rev-a-audit/gerbers/dual_can_esp32-F_Cu.gtl"

** (process:89272): CRITICAL **: 10:36:57.303: Unknown RS-274X extension found %TO% at line 1030 in file "/workspace/a3-control-center-pcb/manufacturing/generated/rev-a-audit/gerbers/dual_can_esp32-F_Cu.gtl"

** (process:89272): CRITICAL **: 10:36:57.303: Unknown RS-274X extension found %TO% at line 1031 in file "/workspace/a3-control-center-pcb/manufacturing/generated/rev-a-audit/gerbers/dual_can_esp32-F_Cu.gtl"

** (process:89272): CRITICAL **: 10:36:57.303: Unknown RS-274X extension found %TO% at line 1033 in file "/workspace/a3-control-center-pcb/manufacturing/generated/rev-a-audit/gerbers/dual_can_esp32-F_Cu.gtl"

** (process:89272): CRITICAL **: 10:36:57.303: Unknown RS-274X extension found %TO% at line 1034 in file "/workspace/a3-control-center-pcb/manufacturing/generated/rev-a-audit/gerbers/dual_can_esp32-F_Cu.gtl"

** (process:89272): CRITICAL **: 10:36:57.303: Unknown RS-274X extension found %TO% at line 1036 in file "/workspace/a3-control-center-pcb/manufacturing/generated/rev-a-audit/gerbers/dual_can_esp32-F_Cu.gtl"

** (process:89272): CRITICAL **: 10:36:57.303: Unknown RS-274X extension found %TO% at line 1037 in file "/workspace/a3-control-center-pcb/manufacturing/generated/rev-a-audit/gerbers/dual_can_esp32-F_Cu.gtl"

** (process:89272): CRITICAL **: 10:36:57.303: Unknown RS-274X extension found %TO% at line 1039 in file "/workspace/a3-control-center-pcb/manufacturing/generated/rev-a-audit/gerbers/dual_can_esp32-F_Cu.gtl"

** (process:89272): CRITICAL **: 10:36:57.303: Unknown RS-274X extension found %TO% at line 1040 in file "/workspace/a3-control-center-pcb/manufacturing/generated/rev-a-audit/gerbers/dual_can_esp32-F_Cu.gtl"

** (process:89272): CRITICAL **: 10:36:57.303: Unknown RS-274X extension found %TO% at line 1042 in file "/workspace/a3-control-center-pcb/manufacturing/generated/rev-a-audit/gerbers/dual_can_esp32-F_Cu.gtl"

** (process:89272): CRITICAL **: 10:36:57.303: Unknown RS-274X extension found %TO% at line 1043 in file "/workspace/a3-control-center-pcb/manufacturing/generated/rev-a-audit/gerbers/dual_can_esp32-F_Cu.gtl"

** (process:89272): CRITICAL **: 10:36:57.303: Unknown RS-274X extension found %TO% at line 1045 in file "/workspace/a3-control-center-pcb/manufacturing/generated/rev-a-audit/gerbers/dual_can_esp32-F_Cu.gtl"

** (process:89272): CRITICAL **: 10:36:57.303: Unknown RS-274X extension found %TO% at line 1046 in file "/workspace/a3-control-center-pcb/manufacturing/generated/rev-a-audit/gerbers/dual_can_esp32-F_Cu.gtl"

** (process:89272): CRITICAL **: 10:36:57.303: Unknown RS-274X extension found %TO% at line 1048 in file "/workspace/a3-control-center-pcb/manufacturing/generated/rev-a-audit/gerbers/dual_can_esp32-F_Cu.gtl"

** (process:89272): CRITICAL **: 10:36:57.303: Unknown RS-274X extension found %TO% at line 1049 in file "/workspace/a3-control-center-pcb/manufacturing/generated/rev-a-audit/gerbers/dual_can_esp32-F_Cu.gtl"

** (process:89272): CRITICAL **: 10:36:57.303: Unknown RS-274X extension found %TO% at line 1051 in file "/workspace/a3-control-center-pcb/manufacturing/generated/rev-a-audit/gerbers/dual_can_esp32-F_Cu.gtl"

** (process:89272): CRITICAL **: 10:36:57.303: Unknown RS-274X extension found %TO% at line 1052 in file "/workspace/a3-control-center-pcb/manufacturing/generated/rev-a-audit/gerbers/dual_can_esp32-F_Cu.gtl"

** (process:89272): CRITICAL **: 10:36:57.303: Unknown RS-274X extension found %TO% at line 1054 in file "/workspace/a3-control-center-pcb/manufacturing/generated/rev-a-audit/gerbers/dual_can_esp32-F_Cu.gtl"

** (process:89272): CRITICAL **: 10:36:57.304: Unknown RS-274X extension found %TO% at line 1055 in file "/workspace/a3-control-center-pcb/manufacturing/generated/rev-a-audit/gerbers/dual_can_esp32-F_Cu.gtl"

** (process:89272): CRITICAL **: 10:36:57.304: Unknown RS-274X extension found %TO% at line 1057 in file "/workspace/a3-control-center-pcb/manufacturing/generated/rev-a-audit/gerbers/dual_can_esp32-F_Cu.gtl"

** (process:89272): CRITICAL **: 10:36:57.304: Unknown RS-274X extension found %TO% at line 1058 in file "/workspace/a3-control-center-pcb/manufacturing/generated/rev-a-audit/gerbers/dual_can_esp32-F_Cu.gtl"

** (process:89272): CRITICAL **: 10:36:57.304: Unknown RS-274X extension found %TO% at line 1061 in file "/workspace/a3-control-center-pcb/manufacturing/generated/rev-a-audit/gerbers/dual_can_esp32-F_Cu.gtl"

** (process:89272): CRITICAL **: 10:36:57.304: Unknown RS-274X extension found %TO% at line 1062 in file "/workspace/a3-control-center-pcb/manufacturing/generated/rev-a-audit/gerbers/dual_can_esp32-F_Cu.gtl"

** (process:89272): CRITICAL **: 10:36:57.304: Unknown RS-274X extension found %TO% at line 1064 in file "/workspace/a3-control-center-pcb/manufacturing/generated/rev-a-audit/gerbers/dual_can_esp32-F_Cu.gtl"

** (process:89272): CRITICAL **: 10:36:57.304: Unknown RS-274X extension found %TO% at line 1065 in file "/workspace/a3-control-center-pcb/manufacturing/generated/rev-a-audit/gerbers/dual_can_esp32-F_Cu.gtl"

** (process:89272): CRITICAL **: 10:36:57.304: Unknown RS-274X extension found %TO% at line 1067 in file "/workspace/a3-control-center-pcb/manufacturing/generated/rev-a-audit/gerbers/dual_can_esp32-F_Cu.gtl"

** (process:89272): CRITICAL **: 10:36:57.304: Unknown RS-274X extension found %TO% at line 1068 in file "/workspace/a3-control-center-pcb/manufacturing/generated/rev-a-audit/gerbers/dual_can_esp32-F_Cu.gtl"

** (process:89272): CRITICAL **: 10:36:57.304: Unknown RS-274X extension found %TO% at line 1070 in file "/workspace/a3-control-center-pcb/manufacturing/generated/rev-a-audit/gerbers/dual_can_esp32-F_Cu.gtl"

** (process:89272): CRITICAL **: 10:36:57.304: Unknown RS-274X extension found %TO% at line 1071 in file "/workspace/a3-control-center-pcb/manufacturing/generated/rev-a-audit/gerbers/dual_can_esp32-F_Cu.gtl"

** (process:89272): CRITICAL **: 10:36:57.304: Unknown RS-274X extension found %TO% at line 1073 in file "/workspace/a3-control-center-pcb/manufacturing/generated/rev-a-audit/gerbers/dual_can_esp32-F_Cu.gtl"

** (process:89272): CRITICAL **: 10:36:57.304: Unknown RS-274X extension found %TO% at line 1074 in file "/workspace/a3-control-center-pcb/manufacturing/generated/rev-a-audit/gerbers/dual_can_esp32-F_Cu.gtl"

** (process:89272): CRITICAL **: 10:36:57.304: Unknown RS-274X extension found %TO% at line 1076 in file "/workspace/a3-control-center-pcb/manufacturing/generated/rev-a-audit/gerbers/dual_can_esp32-F_Cu.gtl"

** (process:89272): CRITICAL **: 10:36:57.304: Unknown RS-274X extension found %TO% at line 1077 in file "/workspace/a3-control-center-pcb/manufacturing/generated/rev-a-audit/gerbers/dual_can_esp32-F_Cu.gtl"

** (process:89272): CRITICAL **: 10:36:57.304: Unknown RS-274X extension found %TO% at line 1079 in file "/workspace/a3-control-center-pcb/manufacturing/generated/rev-a-audit/gerbers/dual_can_esp32-F_Cu.gtl"

** (process:89272): CRITICAL **: 10:36:57.304: Unknown RS-274X extension found %TO% at line 1080 in file "/workspace/a3-control-center-pcb/manufacturing/generated/rev-a-audit/gerbers/dual_can_esp32-F_Cu.gtl"

** (process:89272): CRITICAL **: 10:36:57.304: Unknown RS-274X extension found %TO% at line 1082 in file "/workspace/a3-control-center-pcb/manufacturing/generated/rev-a-audit/gerbers/dual_can_esp32-F_Cu.gtl"

** (process:89272): CRITICAL **: 10:36:57.304: Unknown RS-274X extension found %TO% at line 1083 in file "/workspace/a3-control-center-pcb/manufacturing/generated/rev-a-audit/gerbers/dual_can_esp32-F_Cu.gtl"

** (process:89272): CRITICAL **: 10:36:57.304: Unknown RS-274X extension found %TO% at line 1085 in file "/workspace/a3-control-center-pcb/manufacturing/generated/rev-a-audit/gerbers/dual_can_esp32-F_Cu.gtl"

** (process:89272): CRITICAL **: 10:36:57.304: Unknown RS-274X extension found %TO% at line 1086 in file "/workspace/a3-control-center-pcb/manufacturing/generated/rev-a-audit/gerbers/dual_can_esp32-F_Cu.gtl"

** (process:89272): CRITICAL **: 10:36:57.304: Unknown RS-274X extension found %TO% at line 1088 in file "/workspace/a3-control-center-pcb/manufacturing/generated/rev-a-audit/gerbers/dual_can_esp32-F_Cu.gtl"

** (process:89272): CRITICAL **: 10:36:57.304: Unknown RS-274X extension found %TO% at line 1089 in file "/workspace/a3-control-center-pcb/manufacturing/generated/rev-a-audit/gerbers/dual_can_esp32-F_Cu.gtl"

** (process:89272): CRITICAL **: 10:36:57.304: Unknown RS-274X extension found %TO% at line 1092 in file "/workspace/a3-control-center-pcb/manufacturing/generated/rev-a-audit/gerbers/dual_can_esp32-F_Cu.gtl"

** (process:89272): CRITICAL **: 10:36:57.304: Unknown RS-274X extension found %TO% at line 1093 in file "/workspace/a3-control-center-pcb/manufacturing/generated/rev-a-audit/gerbers/dual_can_esp32-F_Cu.gtl"

** (process:89272): CRITICAL **: 10:36:57.304: Unknown RS-274X extension found %TO% at line 1095 in file "/workspace/a3-control-center-pcb/manufacturing/generated/rev-a-audit/gerbers/dual_can_esp32-F_Cu.gtl"

** (process:89272): CRITICAL **: 10:36:57.304: Unknown RS-274X extension found %TO% at line 1096 in file "/workspace/a3-control-center-pcb/manufacturing/generated/rev-a-audit/gerbers/dual_can_esp32-F_Cu.gtl"

** (process:89272): CRITICAL **: 10:36:57.305: Unknown RS-274X extension found %TO% at line 1098 in file "/workspace/a3-control-center-pcb/manufacturing/generated/rev-a-audit/gerbers/dual_can_esp32-F_Cu.gtl"

** (process:89272): CRITICAL **: 10:36:57.305: Unknown RS-274X extension found %TO% at line 1099 in file "/workspace/a3-control-center-pcb/manufacturing/generated/rev-a-audit/gerbers/dual_can_esp32-F_Cu.gtl"

** (process:89272): CRITICAL **: 10:36:57.305: Unknown RS-274X extension found %TO% at line 1101 in file "/workspace/a3-control-center-pcb/manufacturing/generated/rev-a-audit/gerbers/dual_can_esp32-F_Cu.gtl"

** (process:89272): CRITICAL **: 10:36:57.305: Unknown RS-274X extension found %TO% at line 1102 in file "/workspace/a3-control-center-pcb/manufacturing/generated/rev-a-audit/gerbers/dual_can_esp32-F_Cu.gtl"

** (process:89272): CRITICAL **: 10:36:57.305: Unknown RS-274X extension found %TO% at line 1104 in file "/workspace/a3-control-center-pcb/manufacturing/generated/rev-a-audit/gerbers/dual_can_esp32-F_Cu.gtl"

** (process:89272): CRITICAL **: 10:36:57.305: Unknown RS-274X extension found %TO% at line 1105 in file "/workspace/a3-control-center-pcb/manufacturing/generated/rev-a-audit/gerbers/dual_can_esp32-F_Cu.gtl"

** (process:89272): CRITICAL **: 10:36:57.305: Unknown RS-274X extension found %TO% at line 1107 in file "/workspace/a3-control-center-pcb/manufacturing/generated/rev-a-audit/gerbers/dual_can_esp32-F_Cu.gtl"

** (process:89272): CRITICAL **: 10:36:57.305: Unknown RS-274X extension found %TO% at line 1108 in file "/workspace/a3-control-center-pcb/manufacturing/generated/rev-a-audit/gerbers/dual_can_esp32-F_Cu.gtl"

** (process:89272): CRITICAL **: 10:36:57.305: Unknown RS-274X extension found %TO% at line 1110 in file "/workspace/a3-control-center-pcb/manufacturing/generated/rev-a-audit/gerbers/dual_can_esp32-F_Cu.gtl"

** (process:89272): CRITICAL **: 10:36:57.305: Unknown RS-274X extension found %TO% at line 1111 in file "/workspace/a3-control-center-pcb/manufacturing/generated/rev-a-audit/gerbers/dual_can_esp32-F_Cu.gtl"

** (process:89272): CRITICAL **: 10:36:57.305: Unknown RS-274X extension found %TO% at line 1113 in file "/workspace/a3-control-center-pcb/manufacturing/generated/rev-a-audit/gerbers/dual_can_esp32-F_Cu.gtl"

** (process:89272): CRITICAL **: 10:36:57.305: Unknown RS-274X extension found %TO% at line 1114 in file "/workspace/a3-control-center-pcb/manufacturing/generated/rev-a-audit/gerbers/dual_can_esp32-F_Cu.gtl"

** (process:89272): CRITICAL **: 10:36:57.305: Unknown RS-274X extension found %TO% at line 1116 in file "/workspace/a3-control-center-pcb/manufacturing/generated/rev-a-audit/gerbers/dual_can_esp32-F_Cu.gtl"

** (process:89272): CRITICAL **: 10:36:57.305: Unknown RS-274X extension found %TO% at line 1117 in file "/workspace/a3-control-center-pcb/manufacturing/generated/rev-a-audit/gerbers/dual_can_esp32-F_Cu.gtl"

** (process:89272): CRITICAL **: 10:36:57.305: Unknown RS-274X extension found %TO% at line 1119 in file "/workspace/a3-control-center-pcb/manufacturing/generated/rev-a-audit/gerbers/dual_can_esp32-F_Cu.gtl"

** (process:89272): CRITICAL **: 10:36:57.305: Unknown RS-274X extension found %TO% at line 1120 in file "/workspace/a3-control-center-pcb/manufacturing/generated/rev-a-audit/gerbers/dual_can_esp32-F_Cu.gtl"

** (process:89272): CRITICAL **: 10:36:57.305: Unknown RS-274X extension found %TO% at line 1122 in file "/workspace/a3-control-center-pcb/manufacturing/generated/rev-a-audit/gerbers/dual_can_esp32-F_Cu.gtl"

** (process:89272): CRITICAL **: 10:36:57.305: Unknown RS-274X extension found %TO% at line 1123 in file "/workspace/a3-control-center-pcb/manufacturing/generated/rev-a-audit/gerbers/dual_can_esp32-F_Cu.gtl"

** (process:89272): CRITICAL **: 10:36:57.305: Unknown RS-274X extension found %TO% at line 1125 in file "/workspace/a3-control-center-pcb/manufacturing/generated/rev-a-audit/gerbers/dual_can_esp32-F_Cu.gtl"

** (process:89272): CRITICAL **: 10:36:57.305: Unknown RS-274X extension found %TO% at line 1126 in file "/workspace/a3-control-center-pcb/manufacturing/generated/rev-a-audit/gerbers/dual_can_esp32-F_Cu.gtl"

** (process:89272): CRITICAL **: 10:36:57.305: Unknown RS-274X extension found %TO% at line 1128 in file "/workspace/a3-control-center-pcb/manufacturing/generated/rev-a-audit/gerbers/dual_can_esp32-F_Cu.gtl"

** (process:89272): CRITICAL **: 10:36:57.305: Unknown RS-274X extension found %TO% at line 1129 in file "/workspace/a3-control-center-pcb/manufacturing/generated/rev-a-audit/gerbers/dual_can_esp32-F_Cu.gtl"

** (process:89272): CRITICAL **: 10:36:57.305: Unknown RS-274X extension found %TO% at line 1131 in file "/workspace/a3-control-center-pcb/manufacturing/generated/rev-a-audit/gerbers/dual_can_esp32-F_Cu.gtl"

** (process:89272): CRITICAL **: 10:36:57.305: Unknown RS-274X extension found %TO% at line 1132 in file "/workspace/a3-control-center-pcb/manufacturing/generated/rev-a-audit/gerbers/dual_can_esp32-F_Cu.gtl"

** (process:89272): CRITICAL **: 10:36:57.305: Unknown RS-274X extension found %TO% at line 1135 in file "/workspace/a3-control-center-pcb/manufacturing/generated/rev-a-audit/gerbers/dual_can_esp32-F_Cu.gtl"

** (process:89272): CRITICAL **: 10:36:57.305: Unknown RS-274X extension found %TD% at line 1173 in file "/workspace/a3-control-center-pcb/manufacturing/generated/rev-a-audit/gerbers/dual_can_esp32-F_Cu.gtl"

** (process:89272): CRITICAL **: 10:36:57.305: Unknown RS-274X extension found %TO% at line 1175 in file "/workspace/a3-control-center-pcb/manufacturing/generated/rev-a-audit/gerbers/dual_can_esp32-F_Cu.gtl"

** (process:89272): CRITICAL **: 10:36:57.306: Unknown RS-274X extension found %TO% at line 1176 in file "/workspace/a3-control-center-pcb/manufacturing/generated/rev-a-audit/gerbers/dual_can_esp32-F_Cu.gtl"

** (process:89272): CRITICAL **: 10:36:57.306: Unknown RS-274X extension found %TO% at line 1178 in file "/workspace/a3-control-center-pcb/manufacturing/generated/rev-a-audit/gerbers/dual_can_esp32-F_Cu.gtl"

** (process:89272): CRITICAL **: 10:36:57.306: Unknown RS-274X extension found %TO% at line 1179 in file "/workspace/a3-control-center-pcb/manufacturing/generated/rev-a-audit/gerbers/dual_can_esp32-F_Cu.gtl"

** (process:89272): CRITICAL **: 10:36:57.306: Unknown RS-274X extension found %TD% at line 1181 in file "/workspace/a3-control-center-pcb/manufacturing/generated/rev-a-audit/gerbers/dual_can_esp32-F_Cu.gtl"

** (process:89272): CRITICAL **: 10:36:57.306: Unknown RS-274X extension found %TO% at line 1183 in file "/workspace/a3-control-center-pcb/manufacturing/generated/rev-a-audit/gerbers/dual_can_esp32-F_Cu.gtl"

** (process:89272): CRITICAL **: 10:36:57.306: Unknown RS-274X extension found %TO% at line 1184 in file "/workspace/a3-control-center-pcb/manufacturing/generated/rev-a-audit/gerbers/dual_can_esp32-F_Cu.gtl"

** (process:89272): CRITICAL **: 10:36:57.306: Unknown RS-274X extension found %TO% at line 1186 in file "/workspace/a3-control-center-pcb/manufacturing/generated/rev-a-audit/gerbers/dual_can_esp32-F_Cu.gtl"

** (process:89272): CRITICAL **: 10:36:57.306: Unknown RS-274X extension found %TO% at line 1187 in file "/workspace/a3-control-center-pcb/manufacturing/generated/rev-a-audit/gerbers/dual_can_esp32-F_Cu.gtl"

** (process:89272): CRITICAL **: 10:36:57.306: Unknown RS-274X extension found %TD% at line 1189 in file "/workspace/a3-control-center-pcb/manufacturing/generated/rev-a-audit/gerbers/dual_can_esp32-F_Cu.gtl"

** (process:89272): CRITICAL **: 10:36:57.306: Unknown RS-274X extension found %TO% at line 1191 in file "/workspace/a3-control-center-pcb/manufacturing/generated/rev-a-audit/gerbers/dual_can_esp32-F_Cu.gtl"

** (process:89272): CRITICAL **: 10:36:57.306: Unknown RS-274X extension found %TO% at line 1192 in file "/workspace/a3-control-center-pcb/manufacturing/generated/rev-a-audit/gerbers/dual_can_esp32-F_Cu.gtl"

** (process:89272): CRITICAL **: 10:36:57.306: Unknown RS-274X extension found %TO% at line 1194 in file "/workspace/a3-control-center-pcb/manufacturing/generated/rev-a-audit/gerbers/dual_can_esp32-F_Cu.gtl"

** (process:89272): CRITICAL **: 10:36:57.306: Unknown RS-274X extension found %TO% at line 1195 in file "/workspace/a3-control-center-pcb/manufacturing/generated/rev-a-audit/gerbers/dual_can_esp32-F_Cu.gtl"

** (process:89272): CRITICAL **: 10:36:57.306: Unknown RS-274X extension found %TD% at line 1197 in file "/workspace/a3-control-center-pcb/manufacturing/generated/rev-a-audit/gerbers/dual_can_esp32-F_Cu.gtl"

** (process:89272): CRITICAL **: 10:36:57.306: Unknown RS-274X extension found %TO% at line 1199 in file "/workspace/a3-control-center-pcb/manufacturing/generated/rev-a-audit/gerbers/dual_can_esp32-F_Cu.gtl"

** (process:89272): CRITICAL **: 10:36:57.306: Unknown RS-274X extension found %TO% at line 1200 in file "/workspace/a3-control-center-pcb/manufacturing/generated/rev-a-audit/gerbers/dual_can_esp32-F_Cu.gtl"

** (process:89272): CRITICAL **: 10:36:57.306: Unknown RS-274X extension found %TO% at line 1202 in file "/workspace/a3-control-center-pcb/manufacturing/generated/rev-a-audit/gerbers/dual_can_esp32-F_Cu.gtl"

** (process:89272): CRITICAL **: 10:36:57.306: Unknown RS-274X extension found %TO% at line 1203 in file "/workspace/a3-control-center-pcb/manufacturing/generated/rev-a-audit/gerbers/dual_can_esp32-F_Cu.gtl"

** (process:89272): CRITICAL **: 10:36:57.306: Unknown RS-274X extension found %TD% at line 1205 in file "/workspace/a3-control-center-pcb/manufacturing/generated/rev-a-audit/gerbers/dual_can_esp32-F_Cu.gtl"

** (process:89272): CRITICAL **: 10:36:57.306: Unknown RS-274X extension found %TO% at line 1207 in file "/workspace/a3-control-center-pcb/manufacturing/generated/rev-a-audit/gerbers/dual_can_esp32-F_Cu.gtl"

** (process:89272): CRITICAL **: 10:36:57.306: Unknown RS-274X extension found %TO% at line 1208 in file "/workspace/a3-control-center-pcb/manufacturing/generated/rev-a-audit/gerbers/dual_can_esp32-F_Cu.gtl"

** (process:89272): CRITICAL **: 10:36:57.306: Unknown RS-274X extension found %TO% at line 1210 in file "/workspace/a3-control-center-pcb/manufacturing/generated/rev-a-audit/gerbers/dual_can_esp32-F_Cu.gtl"

** (process:89272): CRITICAL **: 10:36:57.306: Unknown RS-274X extension found %TO% at line 1211 in file "/workspace/a3-control-center-pcb/manufacturing/generated/rev-a-audit/gerbers/dual_can_esp32-F_Cu.gtl"

** (process:89272): CRITICAL **: 10:36:57.306: Unknown RS-274X extension found %TD% at line 1213 in file "/workspace/a3-control-center-pcb/manufacturing/generated/rev-a-audit/gerbers/dual_can_esp32-F_Cu.gtl"

** (process:89272): CRITICAL **: 10:36:57.306: Unknown RS-274X extension found %TO% at line 1215 in file "/workspace/a3-control-center-pcb/manufacturing/generated/rev-a-audit/gerbers/dual_can_esp32-F_Cu.gtl"

** (process:89272): CRITICAL **: 10:36:57.306: Unknown RS-274X extension found %TO% at line 1216 in file "/workspace/a3-control-center-pcb/manufacturing/generated/rev-a-audit/gerbers/dual_can_esp32-F_Cu.gtl"

** (process:89272): CRITICAL **: 10:36:57.307: Unknown RS-274X extension found %TO% at line 1218 in file "/workspace/a3-control-center-pcb/manufacturing/generated/rev-a-audit/gerbers/dual_can_esp32-F_Cu.gtl"

** (process:89272): CRITICAL **: 10:36:57.307: Unknown RS-274X extension found %TO% at line 1219 in file "/workspace/a3-control-center-pcb/manufacturing/generated/rev-a-audit/gerbers/dual_can_esp32-F_Cu.gtl"

** (process:89272): CRITICAL **: 10:36:57.307: Unknown RS-274X extension found %TO% at line 1221 in file "/workspace/a3-control-center-pcb/manufacturing/generated/rev-a-audit/gerbers/dual_can_esp32-F_Cu.gtl"

** (process:89272): CRITICAL **: 10:36:57.307: Unknown RS-274X extension found %TO% at line 1222 in file "/workspace/a3-control-center-pcb/manufacturing/generated/rev-a-audit/gerbers/dual_can_esp32-F_Cu.gtl"

** (process:89272): CRITICAL **: 10:36:57.307: Unknown RS-274X extension found %TO% at line 1224 in file "/workspace/a3-control-center-pcb/manufacturing/generated/rev-a-audit/gerbers/dual_can_esp32-F_Cu.gtl"

** (process:89272): CRITICAL **: 10:36:57.307: Unknown RS-274X extension found %TO% at line 1225 in file "/workspace/a3-control-center-pcb/manufacturing/generated/rev-a-audit/gerbers/dual_can_esp32-F_Cu.gtl"

** (process:89272): CRITICAL **: 10:36:57.307: Unknown RS-274X extension found %TO% at line 1227 in file "/workspace/a3-control-center-pcb/manufacturing/generated/rev-a-audit/gerbers/dual_can_esp32-F_Cu.gtl"

** (process:89272): CRITICAL **: 10:36:57.307: Unknown RS-274X extension found %TO% at line 1228 in file "/workspace/a3-control-center-pcb/manufacturing/generated/rev-a-audit/gerbers/dual_can_esp32-F_Cu.gtl"

** (process:89272): CRITICAL **: 10:36:57.307: Unknown RS-274X extension found %TO% at line 1230 in file "/workspace/a3-control-center-pcb/manufacturing/generated/rev-a-audit/gerbers/dual_can_esp32-F_Cu.gtl"

** (process:89272): CRITICAL **: 10:36:57.307: Unknown RS-274X extension found %TO% at line 1231 in file "/workspace/a3-control-center-pcb/manufacturing/generated/rev-a-audit/gerbers/dual_can_esp32-F_Cu.gtl"

** (process:89272): CRITICAL **: 10:36:57.307: Unknown RS-274X extension found %TO% at line 1233 in file "/workspace/a3-control-center-pcb/manufacturing/generated/rev-a-audit/gerbers/dual_can_esp32-F_Cu.gtl"

** (process:89272): CRITICAL **: 10:36:57.307: Unknown RS-274X extension found %TO% at line 1234 in file "/workspace/a3-control-center-pcb/manufacturing/generated/rev-a-audit/gerbers/dual_can_esp32-F_Cu.gtl"

** (process:89272): CRITICAL **: 10:36:57.307: Unknown RS-274X extension found %TO% at line 1236 in file "/workspace/a3-control-center-pcb/manufacturing/generated/rev-a-audit/gerbers/dual_can_esp32-F_Cu.gtl"

** (process:89272): CRITICAL **: 10:36:57.307: Unknown RS-274X extension found %TO% at line 1237 in file "/workspace/a3-control-center-pcb/manufacturing/generated/rev-a-audit/gerbers/dual_can_esp32-F_Cu.gtl"

** (process:89272): CRITICAL **: 10:36:57.307: Unknown RS-274X extension found %TO% at line 1239 in file "/workspace/a3-control-center-pcb/manufacturing/generated/rev-a-audit/gerbers/dual_can_esp32-F_Cu.gtl"

** (process:89272): CRITICAL **: 10:36:57.307: Unknown RS-274X extension found %TO% at line 1240 in file "/workspace/a3-control-center-pcb/manufacturing/generated/rev-a-audit/gerbers/dual_can_esp32-F_Cu.gtl"

** (process:89272): CRITICAL **: 10:36:57.307: Unknown RS-274X extension found %TO% at line 1242 in file "/workspace/a3-control-center-pcb/manufacturing/generated/rev-a-audit/gerbers/dual_can_esp32-F_Cu.gtl"

** (process:89272): CRITICAL **: 10:36:57.307: Unknown RS-274X extension found %TO% at line 1243 in file "/workspace/a3-control-center-pcb/manufacturing/generated/rev-a-audit/gerbers/dual_can_esp32-F_Cu.gtl"

** (process:89272): CRITICAL **: 10:36:57.307: Unknown RS-274X extension found %TO% at line 1245 in file "/workspace/a3-control-center-pcb/manufacturing/generated/rev-a-audit/gerbers/dual_can_esp32-F_Cu.gtl"

** (process:89272): CRITICAL **: 10:36:57.307: Unknown RS-274X extension found %TO% at line 1246 in file "/workspace/a3-control-center-pcb/manufacturing/generated/rev-a-audit/gerbers/dual_can_esp32-F_Cu.gtl"

** (process:89272): CRITICAL **: 10:36:57.307: Unknown RS-274X extension found %TO% at line 1248 in file "/workspace/a3-control-center-pcb/manufacturing/generated/rev-a-audit/gerbers/dual_can_esp32-F_Cu.gtl"

** (process:89272): CRITICAL **: 10:36:57.307: Unknown RS-274X extension found %TO% at line 1249 in file "/workspace/a3-control-center-pcb/manufacturing/generated/rev-a-audit/gerbers/dual_can_esp32-F_Cu.gtl"

** (process:89272): CRITICAL **: 10:36:57.307: Unknown RS-274X extension found %TO% at line 1251 in file "/workspace/a3-control-center-pcb/manufacturing/generated/rev-a-audit/gerbers/dual_can_esp32-F_Cu.gtl"

** (process:89272): CRITICAL **: 10:36:57.307: Unknown RS-274X extension found %TO% at line 1252 in file "/workspace/a3-control-center-pcb/manufacturing/generated/rev-a-audit/gerbers/dual_can_esp32-F_Cu.gtl"

** (process:89272): CRITICAL **: 10:36:57.307: Unknown RS-274X extension found %TO% at line 1254 in file "/workspace/a3-control-center-pcb/manufacturing/generated/rev-a-audit/gerbers/dual_can_esp32-F_Cu.gtl"

** (process:89272): CRITICAL **: 10:36:57.307: Unknown RS-274X extension found %TO% at line 1255 in file "/workspace/a3-control-center-pcb/manufacturing/generated/rev-a-audit/gerbers/dual_can_esp32-F_Cu.gtl"

** (process:89272): CRITICAL **: 10:36:57.307: Unknown RS-274X extension found %TO% at line 1257 in file "/workspace/a3-control-center-pcb/manufacturing/generated/rev-a-audit/gerbers/dual_can_esp32-F_Cu.gtl"

** (process:89272): CRITICAL **: 10:36:57.308: Unknown RS-274X extension found %TO% at line 1258 in file "/workspace/a3-control-center-pcb/manufacturing/generated/rev-a-audit/gerbers/dual_can_esp32-F_Cu.gtl"

** (process:89272): CRITICAL **: 10:36:57.308: Unknown RS-274X extension found %TO% at line 1260 in file "/workspace/a3-control-center-pcb/manufacturing/generated/rev-a-audit/gerbers/dual_can_esp32-F_Cu.gtl"

** (process:89272): CRITICAL **: 10:36:57.308: Unknown RS-274X extension found %TO% at line 1261 in file "/workspace/a3-control-center-pcb/manufacturing/generated/rev-a-audit/gerbers/dual_can_esp32-F_Cu.gtl"

** (process:89272): CRITICAL **: 10:36:57.308: Unknown RS-274X extension found %TO% at line 1263 in file "/workspace/a3-control-center-pcb/manufacturing/generated/rev-a-audit/gerbers/dual_can_esp32-F_Cu.gtl"

** (process:89272): CRITICAL **: 10:36:57.308: Unknown RS-274X extension found %TO% at line 1264 in file "/workspace/a3-control-center-pcb/manufacturing/generated/rev-a-audit/gerbers/dual_can_esp32-F_Cu.gtl"

** (process:89272): CRITICAL **: 10:36:57.308: Unknown RS-274X extension found %TO% at line 1266 in file "/workspace/a3-control-center-pcb/manufacturing/generated/rev-a-audit/gerbers/dual_can_esp32-F_Cu.gtl"

** (process:89272): CRITICAL **: 10:36:57.308: Unknown RS-274X extension found %TO% at line 1267 in file "/workspace/a3-control-center-pcb/manufacturing/generated/rev-a-audit/gerbers/dual_can_esp32-F_Cu.gtl"

** (process:89272): CRITICAL **: 10:36:57.308: Unknown RS-274X extension found %TD% at line 1269 in file "/workspace/a3-control-center-pcb/manufacturing/generated/rev-a-audit/gerbers/dual_can_esp32-F_Cu.gtl"

** (process:89272): CRITICAL **: 10:36:57.308: Unknown RS-274X extension found %TO% at line 1271 in file "/workspace/a3-control-center-pcb/manufacturing/generated/rev-a-audit/gerbers/dual_can_esp32-F_Cu.gtl"

** (process:89272): CRITICAL **: 10:36:57.308: Unknown RS-274X extension found %TO% at line 1272 in file "/workspace/a3-control-center-pcb/manufacturing/generated/rev-a-audit/gerbers/dual_can_esp32-F_Cu.gtl"

** (process:89272): CRITICAL **: 10:36:57.308: Unknown RS-274X extension found %TO% at line 1275 in file "/workspace/a3-control-center-pcb/manufacturing/generated/rev-a-audit/gerbers/dual_can_esp32-F_Cu.gtl"

** (process:89272): CRITICAL **: 10:36:57.308: Unknown RS-274X extension found %TO% at line 1276 in file "/workspace/a3-control-center-pcb/manufacturing/generated/rev-a-audit/gerbers/dual_can_esp32-F_Cu.gtl"

** (process:89272): CRITICAL **: 10:36:57.308: Unknown RS-274X extension found %TD% at line 1278 in file "/workspace/a3-control-center-pcb/manufacturing/generated/rev-a-audit/gerbers/dual_can_esp32-F_Cu.gtl"

** (process:89272): CRITICAL **: 10:36:57.308: Unknown RS-274X extension found %TO% at line 1280 in file "/workspace/a3-control-center-pcb/manufacturing/generated/rev-a-audit/gerbers/dual_can_esp32-F_Cu.gtl"

** (process:89272): CRITICAL **: 10:36:57.308: Unknown RS-274X extension found %TO% at line 1281 in file "/workspace/a3-control-center-pcb/manufacturing/generated/rev-a-audit/gerbers/dual_can_esp32-F_Cu.gtl"

** (process:89272): CRITICAL **: 10:36:57.308: Unknown RS-274X extension found %TO% at line 1283 in file "/workspace/a3-control-center-pcb/manufacturing/generated/rev-a-audit/gerbers/dual_can_esp32-F_Cu.gtl"

** (process:89272): CRITICAL **: 10:36:57.308: Unknown RS-274X extension found %TO% at line 1284 in file "/workspace/a3-control-center-pcb/manufacturing/generated/rev-a-audit/gerbers/dual_can_esp32-F_Cu.gtl"

** (process:89272): CRITICAL **: 10:36:57.308: Unknown RS-274X extension found %TD% at line 1286 in file "/workspace/a3-control-center-pcb/manufacturing/generated/rev-a-audit/gerbers/dual_can_esp32-F_Cu.gtl"

** (process:89272): CRITICAL **: 10:36:57.308: Unknown RS-274X extension found %TO% at line 1288 in file "/workspace/a3-control-center-pcb/manufacturing/generated/rev-a-audit/gerbers/dual_can_esp32-F_Cu.gtl"

** (process:89272): CRITICAL **: 10:36:57.308: Unknown RS-274X extension found %TO% at line 1289 in file "/workspace/a3-control-center-pcb/manufacturing/generated/rev-a-audit/gerbers/dual_can_esp32-F_Cu.gtl"

** (process:89272): CRITICAL **: 10:36:57.308: Unknown RS-274X extension found %TO% at line 1292 in file "/workspace/a3-control-center-pcb/manufacturing/generated/rev-a-audit/gerbers/dual_can_esp32-F_Cu.gtl"

** (process:89272): CRITICAL **: 10:36:57.308: Unknown RS-274X extension found %TO% at line 1293 in file "/workspace/a3-control-center-pcb/manufacturing/generated/rev-a-audit/gerbers/dual_can_esp32-F_Cu.gtl"

** (process:89272): CRITICAL **: 10:36:57.308: Unknown RS-274X extension found %TD% at line 1295 in file "/workspace/a3-control-center-pcb/manufacturing/generated/rev-a-audit/gerbers/dual_can_esp32-F_Cu.gtl"

** (process:89272): CRITICAL **: 10:36:57.308: Unknown RS-274X extension found %TO% at line 1297 in file "/workspace/a3-control-center-pcb/manufacturing/generated/rev-a-audit/gerbers/dual_can_esp32-F_Cu.gtl"

** (process:89272): CRITICAL **: 10:36:57.308: Unknown RS-274X extension found %TO% at line 1298 in file "/workspace/a3-control-center-pcb/manufacturing/generated/rev-a-audit/gerbers/dual_can_esp32-F_Cu.gtl"

** (process:89272): CRITICAL **: 10:36:57.308: Unknown RS-274X extension found %TD% at line 1300 in file "/workspace/a3-control-center-pcb/manufacturing/generated/rev-a-audit/gerbers/dual_can_esp32-F_Cu.gtl"

** (process:89272): CRITICAL **: 10:36:57.309: Unknown RS-274X extension found %TO% at line 1302 in file "/workspace/a3-control-center-pcb/manufacturing/generated/rev-a-audit/gerbers/dual_can_esp32-F_Cu.gtl"

** (process:89272): CRITICAL **: 10:36:57.309: Unknown RS-274X extension found %TO% at line 1303 in file "/workspace/a3-control-center-pcb/manufacturing/generated/rev-a-audit/gerbers/dual_can_esp32-F_Cu.gtl"

** (process:89272): CRITICAL **: 10:36:57.309: Unknown RS-274X extension found %TO% at line 1305 in file "/workspace/a3-control-center-pcb/manufacturing/generated/rev-a-audit/gerbers/dual_can_esp32-F_Cu.gtl"

** (process:89272): CRITICAL **: 10:36:57.309: Unknown RS-274X extension found %TO% at line 1306 in file "/workspace/a3-control-center-pcb/manufacturing/generated/rev-a-audit/gerbers/dual_can_esp32-F_Cu.gtl"

** (process:89272): CRITICAL **: 10:36:57.309: Unknown RS-274X extension found %TD% at line 1308 in file "/workspace/a3-control-center-pcb/manufacturing/generated/rev-a-audit/gerbers/dual_can_esp32-F_Cu.gtl"

** (process:89272): CRITICAL **: 10:36:57.309: Unknown RS-274X extension found %TO% at line 1310 in file "/workspace/a3-control-center-pcb/manufacturing/generated/rev-a-audit/gerbers/dual_can_esp32-F_Cu.gtl"

** (process:89272): CRITICAL **: 10:36:57.309: Unknown RS-274X extension found %TO% at line 1311 in file "/workspace/a3-control-center-pcb/manufacturing/generated/rev-a-audit/gerbers/dual_can_esp32-F_Cu.gtl"

** (process:89272): CRITICAL **: 10:36:57.309: Unknown RS-274X extension found %TO% at line 1313 in file "/workspace/a3-control-center-pcb/manufacturing/generated/rev-a-audit/gerbers/dual_can_esp32-F_Cu.gtl"

** (process:89272): CRITICAL **: 10:36:57.309: Unknown RS-274X extension found %TO% at line 1314 in file "/workspace/a3-control-center-pcb/manufacturing/generated/rev-a-audit/gerbers/dual_can_esp32-F_Cu.gtl"

** (process:89272): CRITICAL **: 10:36:57.309: Unknown RS-274X extension found %TD% at line 1316 in file "/workspace/a3-control-center-pcb/manufacturing/generated/rev-a-audit/gerbers/dual_can_esp32-F_Cu.gtl"

** (process:89272): CRITICAL **: 10:36:57.309: Unknown RS-274X extension found %TO% at line 1318 in file "/workspace/a3-control-center-pcb/manufacturing/generated/rev-a-audit/gerbers/dual_can_esp32-F_Cu.gtl"

** (process:89272): CRITICAL **: 10:36:57.309: Unknown RS-274X extension found %TO% at line 1319 in file "/workspace/a3-control-center-pcb/manufacturing/generated/rev-a-audit/gerbers/dual_can_esp32-F_Cu.gtl"

** (process:89272): CRITICAL **: 10:36:57.309: Unknown RS-274X extension found %TO% at line 1322 in file "/workspace/a3-control-center-pcb/manufacturing/generated/rev-a-audit/gerbers/dual_can_esp32-F_Cu.gtl"

** (process:89272): CRITICAL **: 10:36:57.309: Unknown RS-274X extension found %TO% at line 1323 in file "/workspace/a3-control-center-pcb/manufacturing/generated/rev-a-audit/gerbers/dual_can_esp32-F_Cu.gtl"

** (process:89272): CRITICAL **: 10:36:57.309: Unknown RS-274X extension found %TD% at line 1325 in file "/workspace/a3-control-center-pcb/manufacturing/generated/rev-a-audit/gerbers/dual_can_esp32-F_Cu.gtl"

** (process:89272): CRITICAL **: 10:36:57.309: Unknown RS-274X extension found %TO% at line 1327 in file "/workspace/a3-control-center-pcb/manufacturing/generated/rev-a-audit/gerbers/dual_can_esp32-F_Cu.gtl"

** (process:89272): CRITICAL **: 10:36:57.309: Unknown RS-274X extension found %TO% at line 1328 in file "/workspace/a3-control-center-pcb/manufacturing/generated/rev-a-audit/gerbers/dual_can_esp32-F_Cu.gtl"

** (process:89272): CRITICAL **: 10:36:57.309: Unknown RS-274X extension found %TO% at line 1330 in file "/workspace/a3-control-center-pcb/manufacturing/generated/rev-a-audit/gerbers/dual_can_esp32-F_Cu.gtl"

** (process:89272): CRITICAL **: 10:36:57.309: Unknown RS-274X extension found %TO% at line 1331 in file "/workspace/a3-control-center-pcb/manufacturing/generated/rev-a-audit/gerbers/dual_can_esp32-F_Cu.gtl"

** (process:89272): CRITICAL **: 10:36:57.309: Unknown RS-274X extension found %TD% at line 1333 in file "/workspace/a3-control-center-pcb/manufacturing/generated/rev-a-audit/gerbers/dual_can_esp32-F_Cu.gtl"

** (process:89272): CRITICAL **: 10:36:57.309: Unknown RS-274X extension found %TO% at line 1335 in file "/workspace/a3-control-center-pcb/manufacturing/generated/rev-a-audit/gerbers/dual_can_esp32-F_Cu.gtl"

** (process:89272): CRITICAL **: 10:36:57.309: Unknown RS-274X extension found %TO% at line 1336 in file "/workspace/a3-control-center-pcb/manufacturing/generated/rev-a-audit/gerbers/dual_can_esp32-F_Cu.gtl"

** (process:89272): CRITICAL **: 10:36:57.309: Unknown RS-274X extension found %TO% at line 1338 in file "/workspace/a3-control-center-pcb/manufacturing/generated/rev-a-audit/gerbers/dual_can_esp32-F_Cu.gtl"

** (process:89272): CRITICAL **: 10:36:57.309: Unknown RS-274X extension found %TO% at line 1340 in file "/workspace/a3-control-center-pcb/manufacturing/generated/rev-a-audit/gerbers/dual_can_esp32-F_Cu.gtl"

** (process:89272): CRITICAL **: 10:36:57.309: Unknown RS-274X extension found %TO% at line 1342 in file "/workspace/a3-control-center-pcb/manufacturing/generated/rev-a-audit/gerbers/dual_can_esp32-F_Cu.gtl"

** (process:89272): CRITICAL **: 10:36:57.309: Unknown RS-274X extension found %TO% at line 1343 in file "/workspace/a3-control-center-pcb/manufacturing/generated/rev-a-audit/gerbers/dual_can_esp32-F_Cu.gtl"

** (process:89272): CRITICAL **: 10:36:57.309: Unknown RS-274X extension found %TO% at line 1346 in file "/workspace/a3-control-center-pcb/manufacturing/generated/rev-a-audit/gerbers/dual_can_esp32-F_Cu.gtl"

** (process:89272): CRITICAL **: 10:36:57.310: Unknown RS-274X extension found %TO% at line 1347 in file "/workspace/a3-control-center-pcb/manufacturing/generated/rev-a-audit/gerbers/dual_can_esp32-F_Cu.gtl"

** (process:89272): CRITICAL **: 10:36:57.310: Unknown RS-274X extension found %TO% at line 1349 in file "/workspace/a3-control-center-pcb/manufacturing/generated/rev-a-audit/gerbers/dual_can_esp32-F_Cu.gtl"

** (process:89272): CRITICAL **: 10:36:57.310: Unknown RS-274X extension found %TO% at line 1351 in file "/workspace/a3-control-center-pcb/manufacturing/generated/rev-a-audit/gerbers/dual_can_esp32-F_Cu.gtl"

** (process:89272): CRITICAL **: 10:36:57.310: Unknown RS-274X extension found %TO% at line 1353 in file "/workspace/a3-control-center-pcb/manufacturing/generated/rev-a-audit/gerbers/dual_can_esp32-F_Cu.gtl"

** (process:89272): CRITICAL **: 10:36:57.310: Unknown RS-274X extension found %TO% at line 1356 in file "/workspace/a3-control-center-pcb/manufacturing/generated/rev-a-audit/gerbers/dual_can_esp32-F_Cu.gtl"

** (process:89272): CRITICAL **: 10:36:57.310: Unknown RS-274X extension found %TO% at line 1357 in file "/workspace/a3-control-center-pcb/manufacturing/generated/rev-a-audit/gerbers/dual_can_esp32-F_Cu.gtl"

** (process:89272): CRITICAL **: 10:36:57.310: Unknown RS-274X extension found %TO% at line 1359 in file "/workspace/a3-control-center-pcb/manufacturing/generated/rev-a-audit/gerbers/dual_can_esp32-F_Cu.gtl"

** (process:89272): CRITICAL **: 10:36:57.310: Unknown RS-274X extension found %TO% at line 1360 in file "/workspace/a3-control-center-pcb/manufacturing/generated/rev-a-audit/gerbers/dual_can_esp32-F_Cu.gtl"

** (process:89272): CRITICAL **: 10:36:57.310: Unknown RS-274X extension found %TO% at line 1362 in file "/workspace/a3-control-center-pcb/manufacturing/generated/rev-a-audit/gerbers/dual_can_esp32-F_Cu.gtl"

** (process:89272): CRITICAL **: 10:36:57.310: Unknown RS-274X extension found %TO% at line 1364 in file "/workspace/a3-control-center-pcb/manufacturing/generated/rev-a-audit/gerbers/dual_can_esp32-F_Cu.gtl"

** (process:89272): CRITICAL **: 10:36:57.310: Unknown RS-274X extension found %TO% at line 1367 in file "/workspace/a3-control-center-pcb/manufacturing/generated/rev-a-audit/gerbers/dual_can_esp32-F_Cu.gtl"

** (process:89272): CRITICAL **: 10:36:57.310: Unknown RS-274X extension found %TO% at line 1369 in file "/workspace/a3-control-center-pcb/manufacturing/generated/rev-a-audit/gerbers/dual_can_esp32-F_Cu.gtl"

** (process:89272): CRITICAL **: 10:36:57.310: Unknown RS-274X extension found %TO% at line 1370 in file "/workspace/a3-control-center-pcb/manufacturing/generated/rev-a-audit/gerbers/dual_can_esp32-F_Cu.gtl"

** (process:89272): CRITICAL **: 10:36:57.310: Unknown RS-274X extension found %TO% at line 1372 in file "/workspace/a3-control-center-pcb/manufacturing/generated/rev-a-audit/gerbers/dual_can_esp32-F_Cu.gtl"

** (process:89272): CRITICAL **: 10:36:57.310: Unknown RS-274X extension found %TO% at line 1373 in file "/workspace/a3-control-center-pcb/manufacturing/generated/rev-a-audit/gerbers/dual_can_esp32-F_Cu.gtl"

** (process:89272): CRITICAL **: 10:36:57.310: Unknown RS-274X extension found %TO% at line 1375 in file "/workspace/a3-control-center-pcb/manufacturing/generated/rev-a-audit/gerbers/dual_can_esp32-F_Cu.gtl"

** (process:89272): CRITICAL **: 10:36:57.310: Unknown RS-274X extension found %TO% at line 1378 in file "/workspace/a3-control-center-pcb/manufacturing/generated/rev-a-audit/gerbers/dual_can_esp32-F_Cu.gtl"

** (process:89272): CRITICAL **: 10:36:57.310: Unknown RS-274X extension found %TD% at line 1386 in file "/workspace/a3-control-center-pcb/manufacturing/generated/rev-a-audit/gerbers/dual_can_esp32-F_Cu.gtl"

** (process:89272): CRITICAL **: 10:36:57.310: Unknown RS-274X extension found %TO% at line 1388 in file "/workspace/a3-control-center-pcb/manufacturing/generated/rev-a-audit/gerbers/dual_can_esp32-F_Cu.gtl"

** (process:89272): CRITICAL **: 10:36:57.310: Unknown RS-274X extension found %TO% at line 1389 in file "/workspace/a3-control-center-pcb/manufacturing/generated/rev-a-audit/gerbers/dual_can_esp32-F_Cu.gtl"

** (process:89272): CRITICAL **: 10:36:57.310: Unknown RS-274X extension found %TO% at line 1391 in file "/workspace/a3-control-center-pcb/manufacturing/generated/rev-a-audit/gerbers/dual_can_esp32-F_Cu.gtl"

** (process:89272): CRITICAL **: 10:36:57.310: Unknown RS-274X extension found %TO% at line 1392 in file "/workspace/a3-control-center-pcb/manufacturing/generated/rev-a-audit/gerbers/dual_can_esp32-F_Cu.gtl"

** (process:89272): CRITICAL **: 10:36:57.310: Unknown RS-274X extension found %TD% at line 1394 in file "/workspace/a3-control-center-pcb/manufacturing/generated/rev-a-audit/gerbers/dual_can_esp32-F_Cu.gtl"

** (process:89272): CRITICAL **: 10:36:57.310: Unknown RS-274X extension found %TO% at line 1396 in file "/workspace/a3-control-center-pcb/manufacturing/generated/rev-a-audit/gerbers/dual_can_esp32-F_Cu.gtl"

** (process:89272): CRITICAL **: 10:36:57.310: Unknown RS-274X extension found %TO% at line 1397 in file "/workspace/a3-control-center-pcb/manufacturing/generated/rev-a-audit/gerbers/dual_can_esp32-F_Cu.gtl"

** (process:89272): CRITICAL **: 10:36:57.310: Unknown RS-274X extension found %TO% at line 1399 in file "/workspace/a3-control-center-pcb/manufacturing/generated/rev-a-audit/gerbers/dual_can_esp32-F_Cu.gtl"

** (process:89272): CRITICAL **: 10:36:57.310: Unknown RS-274X extension found %TO% at line 1400 in file "/workspace/a3-control-center-pcb/manufacturing/generated/rev-a-audit/gerbers/dual_can_esp32-F_Cu.gtl"

** (process:89272): CRITICAL **: 10:36:57.311: Unknown RS-274X extension found %TD% at line 1402 in file "/workspace/a3-control-center-pcb/manufacturing/generated/rev-a-audit/gerbers/dual_can_esp32-F_Cu.gtl"

** (process:89272): CRITICAL **: 10:36:57.311: Unknown RS-274X extension found %TO% at line 1404 in file "/workspace/a3-control-center-pcb/manufacturing/generated/rev-a-audit/gerbers/dual_can_esp32-F_Cu.gtl"

** (process:89272): CRITICAL **: 10:36:57.311: Unknown RS-274X extension found %TO% at line 1405 in file "/workspace/a3-control-center-pcb/manufacturing/generated/rev-a-audit/gerbers/dual_can_esp32-F_Cu.gtl"

** (process:89272): CRITICAL **: 10:36:57.311: Unknown RS-274X extension found %TO% at line 1407 in file "/workspace/a3-control-center-pcb/manufacturing/generated/rev-a-audit/gerbers/dual_can_esp32-F_Cu.gtl"

** (process:89272): CRITICAL **: 10:36:57.311: Unknown RS-274X extension found %TO% at line 1408 in file "/workspace/a3-control-center-pcb/manufacturing/generated/rev-a-audit/gerbers/dual_can_esp32-F_Cu.gtl"

** (process:89272): CRITICAL **: 10:36:57.311: Unknown RS-274X extension found %TD% at line 1410 in file "/workspace/a3-control-center-pcb/manufacturing/generated/rev-a-audit/gerbers/dual_can_esp32-F_Cu.gtl"

** (process:89272): CRITICAL **: 10:36:57.311: Unknown RS-274X extension found %TO% at line 1412 in file "/workspace/a3-control-center-pcb/manufacturing/generated/rev-a-audit/gerbers/dual_can_esp32-F_Cu.gtl"

** (process:89272): CRITICAL **: 10:36:57.311: Unknown RS-274X extension found %TO% at line 1413 in file "/workspace/a3-control-center-pcb/manufacturing/generated/rev-a-audit/gerbers/dual_can_esp32-F_Cu.gtl"

** (process:89272): CRITICAL **: 10:36:57.311: Unknown RS-274X extension found %TD% at line 1415 in file "/workspace/a3-control-center-pcb/manufacturing/generated/rev-a-audit/gerbers/dual_can_esp32-F_Cu.gtl"

** (process:89272): CRITICAL **: 10:36:57.311: Unknown RS-274X extension found %TO% at line 1417 in file "/workspace/a3-control-center-pcb/manufacturing/generated/rev-a-audit/gerbers/dual_can_esp32-F_Cu.gtl"

** (process:89272): CRITICAL **: 10:36:57.311: Unknown RS-274X extension found %TO% at line 1418 in file "/workspace/a3-control-center-pcb/manufacturing/generated/rev-a-audit/gerbers/dual_can_esp32-F_Cu.gtl"

** (process:89272): CRITICAL **: 10:36:57.311: Unknown RS-274X extension found %TO% at line 1420 in file "/workspace/a3-control-center-pcb/manufacturing/generated/rev-a-audit/gerbers/dual_can_esp32-F_Cu.gtl"

** (process:89272): CRITICAL **: 10:36:57.311: Unknown RS-274X extension found %TO% at line 1421 in file "/workspace/a3-control-center-pcb/manufacturing/generated/rev-a-audit/gerbers/dual_can_esp32-F_Cu.gtl"

** (process:89272): CRITICAL **: 10:36:57.311: Unknown RS-274X extension found %TD% at line 1423 in file "/workspace/a3-control-center-pcb/manufacturing/generated/rev-a-audit/gerbers/dual_can_esp32-F_Cu.gtl"

** (process:89272): CRITICAL **: 10:36:57.311: Unknown RS-274X extension found %TO% at line 1425 in file "/workspace/a3-control-center-pcb/manufacturing/generated/rev-a-audit/gerbers/dual_can_esp32-F_Cu.gtl"

** (process:89272): CRITICAL **: 10:36:57.311: Unknown RS-274X extension found %TO% at line 1426 in file "/workspace/a3-control-center-pcb/manufacturing/generated/rev-a-audit/gerbers/dual_can_esp32-F_Cu.gtl"

** (process:89272): CRITICAL **: 10:36:57.311: Unknown RS-274X extension found %TO% at line 1428 in file "/workspace/a3-control-center-pcb/manufacturing/generated/rev-a-audit/gerbers/dual_can_esp32-F_Cu.gtl"

** (process:89272): CRITICAL **: 10:36:57.311: Unknown RS-274X extension found %TO% at line 1429 in file "/workspace/a3-control-center-pcb/manufacturing/generated/rev-a-audit/gerbers/dual_can_esp32-F_Cu.gtl"

** (process:89272): CRITICAL **: 10:36:57.311: Unknown RS-274X extension found %TD% at line 1431 in file "/workspace/a3-control-center-pcb/manufacturing/generated/rev-a-audit/gerbers/dual_can_esp32-F_Cu.gtl"

** (process:89272): CRITICAL **: 10:36:57.311: Unknown RS-274X extension found %TO% at line 1433 in file "/workspace/a3-control-center-pcb/manufacturing/generated/rev-a-audit/gerbers/dual_can_esp32-F_Cu.gtl"

** (process:89272): CRITICAL **: 10:36:57.311: Unknown RS-274X extension found %TO% at line 1434 in file "/workspace/a3-control-center-pcb/manufacturing/generated/rev-a-audit/gerbers/dual_can_esp32-F_Cu.gtl"

** (process:89272): CRITICAL **: 10:36:57.311: Unknown RS-274X extension found %TO% at line 1436 in file "/workspace/a3-control-center-pcb/manufacturing/generated/rev-a-audit/gerbers/dual_can_esp32-F_Cu.gtl"

** (process:89272): CRITICAL **: 10:36:57.311: Unknown RS-274X extension found %TO% at line 1437 in file "/workspace/a3-control-center-pcb/manufacturing/generated/rev-a-audit/gerbers/dual_can_esp32-F_Cu.gtl"

** (process:89272): CRITICAL **: 10:36:57.311: Unknown RS-274X extension found %TD% at line 1439 in file "/workspace/a3-control-center-pcb/manufacturing/generated/rev-a-audit/gerbers/dual_can_esp32-F_Cu.gtl"

** (process:89272): CRITICAL **: 10:36:57.311: Unknown RS-274X extension found %TO% at line 1441 in file "/workspace/a3-control-center-pcb/manufacturing/generated/rev-a-audit/gerbers/dual_can_esp32-F_Cu.gtl"

** (process:89272): CRITICAL **: 10:36:57.311: Unknown RS-274X extension found %TO% at line 1442 in file "/workspace/a3-control-center-pcb/manufacturing/generated/rev-a-audit/gerbers/dual_can_esp32-F_Cu.gtl"

** (process:89272): CRITICAL **: 10:36:57.311: Unknown RS-274X extension found %TO% at line 1444 in file "/workspace/a3-control-center-pcb/manufacturing/generated/rev-a-audit/gerbers/dual_can_esp32-F_Cu.gtl"

** (process:89272): CRITICAL **: 10:36:57.312: Unknown RS-274X extension found %TO% at line 1445 in file "/workspace/a3-control-center-pcb/manufacturing/generated/rev-a-audit/gerbers/dual_can_esp32-F_Cu.gtl"

** (process:89272): CRITICAL **: 10:36:57.312: Unknown RS-274X extension found %TD% at line 1447 in file "/workspace/a3-control-center-pcb/manufacturing/generated/rev-a-audit/gerbers/dual_can_esp32-F_Cu.gtl"

** (process:89272): CRITICAL **: 10:36:57.312: Unknown RS-274X extension found %TO% at line 1449 in file "/workspace/a3-control-center-pcb/manufacturing/generated/rev-a-audit/gerbers/dual_can_esp32-F_Cu.gtl"

** (process:89272): CRITICAL **: 10:36:57.312: Unknown RS-274X extension found %TO% at line 1450 in file "/workspace/a3-control-center-pcb/manufacturing/generated/rev-a-audit/gerbers/dual_can_esp32-F_Cu.gtl"

** (process:89272): CRITICAL **: 10:36:57.312: Unknown RS-274X extension found %TO% at line 1453 in file "/workspace/a3-control-center-pcb/manufacturing/generated/rev-a-audit/gerbers/dual_can_esp32-F_Cu.gtl"

** (process:89272): CRITICAL **: 10:36:57.312: Unknown RS-274X extension found %TO% at line 1454 in file "/workspace/a3-control-center-pcb/manufacturing/generated/rev-a-audit/gerbers/dual_can_esp32-F_Cu.gtl"

** (process:89272): CRITICAL **: 10:36:57.312: Unknown RS-274X extension found %TO% at line 1456 in file "/workspace/a3-control-center-pcb/manufacturing/generated/rev-a-audit/gerbers/dual_can_esp32-F_Cu.gtl"

** (process:89272): CRITICAL **: 10:36:57.312: Unknown RS-274X extension found %TO% at line 1457 in file "/workspace/a3-control-center-pcb/manufacturing/generated/rev-a-audit/gerbers/dual_can_esp32-F_Cu.gtl"

** (process:89272): CRITICAL **: 10:36:57.312: Unknown RS-274X extension found %TO% at line 1459 in file "/workspace/a3-control-center-pcb/manufacturing/generated/rev-a-audit/gerbers/dual_can_esp32-F_Cu.gtl"

** (process:89272): CRITICAL **: 10:36:57.312: Unknown RS-274X extension found %TO% at line 1460 in file "/workspace/a3-control-center-pcb/manufacturing/generated/rev-a-audit/gerbers/dual_can_esp32-F_Cu.gtl"

** (process:89272): CRITICAL **: 10:36:57.312: Unknown RS-274X extension found %TD% at line 1462 in file "/workspace/a3-control-center-pcb/manufacturing/generated/rev-a-audit/gerbers/dual_can_esp32-F_Cu.gtl"

** (process:89272): CRITICAL **: 10:36:57.312: Unknown RS-274X extension found %TO% at line 1464 in file "/workspace/a3-control-center-pcb/manufacturing/generated/rev-a-audit/gerbers/dual_can_esp32-F_Cu.gtl"

** (process:89272): CRITICAL **: 10:36:57.312: Unknown RS-274X extension found %TO% at line 1465 in file "/workspace/a3-control-center-pcb/manufacturing/generated/rev-a-audit/gerbers/dual_can_esp32-F_Cu.gtl"

** (process:89272): CRITICAL **: 10:36:57.312: Unknown RS-274X extension found %TO% at line 1467 in file "/workspace/a3-control-center-pcb/manufacturing/generated/rev-a-audit/gerbers/dual_can_esp32-F_Cu.gtl"

** (process:89272): CRITICAL **: 10:36:57.312: Unknown RS-274X extension found %TO% at line 1468 in file "/workspace/a3-control-center-pcb/manufacturing/generated/rev-a-audit/gerbers/dual_can_esp32-F_Cu.gtl"

** (process:89272): CRITICAL **: 10:36:57.312: Unknown RS-274X extension found %TD% at line 1470 in file "/workspace/a3-control-center-pcb/manufacturing/generated/rev-a-audit/gerbers/dual_can_esp32-F_Cu.gtl"

** (process:89272): CRITICAL **: 10:36:57.312: Unknown RS-274X extension found %TO% at line 1472 in file "/workspace/a3-control-center-pcb/manufacturing/generated/rev-a-audit/gerbers/dual_can_esp32-F_Cu.gtl"

** (process:89272): CRITICAL **: 10:36:57.312: Unknown RS-274X extension found %TO% at line 1473 in file "/workspace/a3-control-center-pcb/manufacturing/generated/rev-a-audit/gerbers/dual_can_esp32-F_Cu.gtl"

** (process:89272): CRITICAL **: 10:36:57.312: Unknown RS-274X extension found %TO% at line 1475 in file "/workspace/a3-control-center-pcb/manufacturing/generated/rev-a-audit/gerbers/dual_can_esp32-F_Cu.gtl"

** (process:89272): CRITICAL **: 10:36:57.312: Unknown RS-274X extension found %TO% at line 1476 in file "/workspace/a3-control-center-pcb/manufacturing/generated/rev-a-audit/gerbers/dual_can_esp32-F_Cu.gtl"

** (process:89272): CRITICAL **: 10:36:57.312: Unknown RS-274X extension found %TD% at line 1478 in file "/workspace/a3-control-center-pcb/manufacturing/generated/rev-a-audit/gerbers/dual_can_esp32-F_Cu.gtl"

** (process:89272): CRITICAL **: 10:36:57.312: Unknown RS-274X extension found %TO% at line 1480 in file "/workspace/a3-control-center-pcb/manufacturing/generated/rev-a-audit/gerbers/dual_can_esp32-F_Cu.gtl"

** (process:89272): CRITICAL **: 10:36:57.312: Unknown RS-274X extension found %TO% at line 1481 in file "/workspace/a3-control-center-pcb/manufacturing/generated/rev-a-audit/gerbers/dual_can_esp32-F_Cu.gtl"

** (process:89272): CRITICAL **: 10:36:57.312: Unknown RS-274X extension found %TO% at line 1483 in file "/workspace/a3-control-center-pcb/manufacturing/generated/rev-a-audit/gerbers/dual_can_esp32-F_Cu.gtl"

** (process:89272): CRITICAL **: 10:36:57.312: Unknown RS-274X extension found %TO% at line 1484 in file "/workspace/a3-control-center-pcb/manufacturing/generated/rev-a-audit/gerbers/dual_can_esp32-F_Cu.gtl"

** (process:89272): CRITICAL **: 10:36:57.312: Unknown RS-274X extension found %TD% at line 1486 in file "/workspace/a3-control-center-pcb/manufacturing/generated/rev-a-audit/gerbers/dual_can_esp32-F_Cu.gtl"

** (process:89272): CRITICAL **: 10:36:57.312: Unknown RS-274X extension found %TO% at line 1487 in file "/workspace/a3-control-center-pcb/manufacturing/generated/rev-a-audit/gerbers/dual_can_esp32-F_Cu.gtl"

** (process:89272): CRITICAL **: 10:36:57.313: Unknown RS-274X extension found %TO% at line 1488 in file "/workspace/a3-control-center-pcb/manufacturing/generated/rev-a-audit/gerbers/dual_can_esp32-F_Cu.gtl"

** (process:89272): CRITICAL **: 10:36:57.313: Unknown RS-274X extension found %TO% at line 1490 in file "/workspace/a3-control-center-pcb/manufacturing/generated/rev-a-audit/gerbers/dual_can_esp32-F_Cu.gtl"

** (process:89272): CRITICAL **: 10:36:57.313: Unknown RS-274X extension found %TO% at line 1491 in file "/workspace/a3-control-center-pcb/manufacturing/generated/rev-a-audit/gerbers/dual_can_esp32-F_Cu.gtl"

** (process:89272): CRITICAL **: 10:36:57.313: Unknown RS-274X extension found %TD% at line 1493 in file "/workspace/a3-control-center-pcb/manufacturing/generated/rev-a-audit/gerbers/dual_can_esp32-F_Cu.gtl"

** (process:89272): CRITICAL **: 10:36:57.313: Unknown RS-274X extension found %TO% at line 1495 in file "/workspace/a3-control-center-pcb/manufacturing/generated/rev-a-audit/gerbers/dual_can_esp32-F_Cu.gtl"

** (process:89272): CRITICAL **: 10:36:57.313: Unknown RS-274X extension found %TO% at line 1496 in file "/workspace/a3-control-center-pcb/manufacturing/generated/rev-a-audit/gerbers/dual_can_esp32-F_Cu.gtl"

** (process:89272): CRITICAL **: 10:36:57.313: Unknown RS-274X extension found %TD% at line 1498 in file "/workspace/a3-control-center-pcb/manufacturing/generated/rev-a-audit/gerbers/dual_can_esp32-F_Cu.gtl"

** (process:89272): CRITICAL **: 10:36:57.313: Unknown RS-274X extension found %TO% at line 1500 in file "/workspace/a3-control-center-pcb/manufacturing/generated/rev-a-audit/gerbers/dual_can_esp32-F_Cu.gtl"

** (process:89272): CRITICAL **: 10:36:57.313: Unknown RS-274X extension found %TO% at line 1501 in file "/workspace/a3-control-center-pcb/manufacturing/generated/rev-a-audit/gerbers/dual_can_esp32-F_Cu.gtl"

** (process:89272): CRITICAL **: 10:36:57.313: Unknown RS-274X extension found %TO% at line 1503 in file "/workspace/a3-control-center-pcb/manufacturing/generated/rev-a-audit/gerbers/dual_can_esp32-F_Cu.gtl"

** (process:89272): CRITICAL **: 10:36:57.313: Unknown RS-274X extension found %TO% at line 1504 in file "/workspace/a3-control-center-pcb/manufacturing/generated/rev-a-audit/gerbers/dual_can_esp32-F_Cu.gtl"

** (process:89272): CRITICAL **: 10:36:57.313: Unknown RS-274X extension found %TD% at line 1506 in file "/workspace/a3-control-center-pcb/manufacturing/generated/rev-a-audit/gerbers/dual_can_esp32-F_Cu.gtl"

** (process:89272): CRITICAL **: 10:36:57.313: Unknown RS-274X extension found %TO% at line 1508 in file "/workspace/a3-control-center-pcb/manufacturing/generated/rev-a-audit/gerbers/dual_can_esp32-F_Cu.gtl"

** (process:89272): CRITICAL **: 10:36:57.313: Unknown RS-274X extension found %TO% at line 1509 in file "/workspace/a3-control-center-pcb/manufacturing/generated/rev-a-audit/gerbers/dual_can_esp32-F_Cu.gtl"

** (process:89272): CRITICAL **: 10:36:57.313: Unknown RS-274X extension found %TD% at line 1511 in file "/workspace/a3-control-center-pcb/manufacturing/generated/rev-a-audit/gerbers/dual_can_esp32-F_Cu.gtl"

** (process:89272): CRITICAL **: 10:36:57.313: Unknown RS-274X extension found %TO% at line 1513 in file "/workspace/a3-control-center-pcb/manufacturing/generated/rev-a-audit/gerbers/dual_can_esp32-F_Cu.gtl"

** (process:89272): CRITICAL **: 10:36:57.313: Unknown RS-274X extension found %TO% at line 1514 in file "/workspace/a3-control-center-pcb/manufacturing/generated/rev-a-audit/gerbers/dual_can_esp32-F_Cu.gtl"

** (process:89272): CRITICAL **: 10:36:57.313: Unknown RS-274X extension found %TO% at line 1516 in file "/workspace/a3-control-center-pcb/manufacturing/generated/rev-a-audit/gerbers/dual_can_esp32-F_Cu.gtl"

** (process:89272): CRITICAL **: 10:36:57.313: Unknown RS-274X extension found %TO% at line 1517 in file "/workspace/a3-control-center-pcb/manufacturing/generated/rev-a-audit/gerbers/dual_can_esp32-F_Cu.gtl"

** (process:89272): CRITICAL **: 10:36:57.313: Unknown RS-274X extension found %TD% at line 1519 in file "/workspace/a3-control-center-pcb/manufacturing/generated/rev-a-audit/gerbers/dual_can_esp32-F_Cu.gtl"

** (process:89272): CRITICAL **: 10:36:57.313: Unknown RS-274X extension found %TO% at line 1521 in file "/workspace/a3-control-center-pcb/manufacturing/generated/rev-a-audit/gerbers/dual_can_esp32-F_Cu.gtl"

** (process:89272): CRITICAL **: 10:36:57.313: Unknown RS-274X extension found %TO% at line 1522 in file "/workspace/a3-control-center-pcb/manufacturing/generated/rev-a-audit/gerbers/dual_can_esp32-F_Cu.gtl"

** (process:89272): CRITICAL **: 10:36:57.313: Unknown RS-274X extension found %TO% at line 1524 in file "/workspace/a3-control-center-pcb/manufacturing/generated/rev-a-audit/gerbers/dual_can_esp32-F_Cu.gtl"

** (process:89272): CRITICAL **: 10:36:57.313: Unknown RS-274X extension found %TO% at line 1525 in file "/workspace/a3-control-center-pcb/manufacturing/generated/rev-a-audit/gerbers/dual_can_esp32-F_Cu.gtl"

** (process:89272): CRITICAL **: 10:36:57.313: Unknown RS-274X extension found %TD% at line 1527 in file "/workspace/a3-control-center-pcb/manufacturing/generated/rev-a-audit/gerbers/dual_can_esp32-F_Cu.gtl"

** (process:89272): CRITICAL **: 10:36:57.313: Unknown RS-274X extension found %TO% at line 1529 in file "/workspace/a3-control-center-pcb/manufacturing/generated/rev-a-audit/gerbers/dual_can_esp32-F_Cu.gtl"

** (process:89272): CRITICAL **: 10:36:57.313: Unknown RS-274X extension found %TO% at line 1530 in file "/workspace/a3-control-center-pcb/manufacturing/generated/rev-a-audit/gerbers/dual_can_esp32-F_Cu.gtl"

** (process:89272): CRITICAL **: 10:36:57.314: Unknown RS-274X extension found %TD% at line 1532 in file "/workspace/a3-control-center-pcb/manufacturing/generated/rev-a-audit/gerbers/dual_can_esp32-F_Cu.gtl"

** (process:89272): CRITICAL **: 10:36:57.314: Unknown RS-274X extension found %TO% at line 1534 in file "/workspace/a3-control-center-pcb/manufacturing/generated/rev-a-audit/gerbers/dual_can_esp32-F_Cu.gtl"

** (process:89272): CRITICAL **: 10:36:57.314: Unknown RS-274X extension found %TO% at line 1535 in file "/workspace/a3-control-center-pcb/manufacturing/generated/rev-a-audit/gerbers/dual_can_esp32-F_Cu.gtl"

** (process:89272): CRITICAL **: 10:36:57.314: Unknown RS-274X extension found %TO% at line 1537 in file "/workspace/a3-control-center-pcb/manufacturing/generated/rev-a-audit/gerbers/dual_can_esp32-F_Cu.gtl"

** (process:89272): CRITICAL **: 10:36:57.314: Unknown RS-274X extension found %TO% at line 1538 in file "/workspace/a3-control-center-pcb/manufacturing/generated/rev-a-audit/gerbers/dual_can_esp32-F_Cu.gtl"

** (process:89272): CRITICAL **: 10:36:57.314: Unknown RS-274X extension found %TD% at line 1540 in file "/workspace/a3-control-center-pcb/manufacturing/generated/rev-a-audit/gerbers/dual_can_esp32-F_Cu.gtl"

** (process:89272): CRITICAL **: 10:36:57.314: Unknown RS-274X extension found %TO% at line 1542 in file "/workspace/a3-control-center-pcb/manufacturing/generated/rev-a-audit/gerbers/dual_can_esp32-F_Cu.gtl"

** (process:89272): CRITICAL **: 10:36:57.314: Unknown RS-274X extension found %TO% at line 1543 in file "/workspace/a3-control-center-pcb/manufacturing/generated/rev-a-audit/gerbers/dual_can_esp32-F_Cu.gtl"

** (process:89272): CRITICAL **: 10:36:57.314: Unknown RS-274X extension found %TD% at line 1545 in file "/workspace/a3-control-center-pcb/manufacturing/generated/rev-a-audit/gerbers/dual_can_esp32-F_Cu.gtl"

** (process:89272): CRITICAL **: 10:36:57.314: Unknown RS-274X extension found %TO% at line 1547 in file "/workspace/a3-control-center-pcb/manufacturing/generated/rev-a-audit/gerbers/dual_can_esp32-F_Cu.gtl"

** (process:89272): CRITICAL **: 10:36:57.314: Unknown RS-274X extension found %TO% at line 1548 in file "/workspace/a3-control-center-pcb/manufacturing/generated/rev-a-audit/gerbers/dual_can_esp32-F_Cu.gtl"

** (process:89272): CRITICAL **: 10:36:57.314: Unknown RS-274X extension found %TO% at line 1550 in file "/workspace/a3-control-center-pcb/manufacturing/generated/rev-a-audit/gerbers/dual_can_esp32-F_Cu.gtl"

** (process:89272): CRITICAL **: 10:36:57.314: Unknown RS-274X extension found %TO% at line 1551 in file "/workspace/a3-control-center-pcb/manufacturing/generated/rev-a-audit/gerbers/dual_can_esp32-F_Cu.gtl"

** (process:89272): CRITICAL **: 10:36:57.314: Unknown RS-274X extension found %TO% at line 1553 in file "/workspace/a3-control-center-pcb/manufacturing/generated/rev-a-audit/gerbers/dual_can_esp32-F_Cu.gtl"

** (process:89272): CRITICAL **: 10:36:57.314: Unknown RS-274X extension found %TO% at line 1554 in file "/workspace/a3-control-center-pcb/manufacturing/generated/rev-a-audit/gerbers/dual_can_esp32-F_Cu.gtl"

** (process:89272): CRITICAL **: 10:36:57.314: Unknown RS-274X extension found %TD% at line 1556 in file "/workspace/a3-control-center-pcb/manufacturing/generated/rev-a-audit/gerbers/dual_can_esp32-F_Cu.gtl"

** (process:89272): CRITICAL **: 10:36:57.314: Unknown RS-274X extension found %TO% at line 1558 in file "/workspace/a3-control-center-pcb/manufacturing/generated/rev-a-audit/gerbers/dual_can_esp32-F_Cu.gtl"

** (process:89272): CRITICAL **: 10:36:57.314: Unknown RS-274X extension found %TO% at line 1559 in file "/workspace/a3-control-center-pcb/manufacturing/generated/rev-a-audit/gerbers/dual_can_esp32-F_Cu.gtl"

** (process:89272): CRITICAL **: 10:36:57.314: Unknown RS-274X extension found %TD% at line 1561 in file "/workspace/a3-control-center-pcb/manufacturing/generated/rev-a-audit/gerbers/dual_can_esp32-F_Cu.gtl"

** (process:89272): CRITICAL **: 10:36:57.314: Unknown RS-274X extension found %TO% at line 1563 in file "/workspace/a3-control-center-pcb/manufacturing/generated/rev-a-audit/gerbers/dual_can_esp32-F_Cu.gtl"

** (process:89272): CRITICAL **: 10:36:57.314: Unknown RS-274X extension found %TO% at line 1564 in file "/workspace/a3-control-center-pcb/manufacturing/generated/rev-a-audit/gerbers/dual_can_esp32-F_Cu.gtl"

** (process:89272): CRITICAL **: 10:36:57.314: Unknown RS-274X extension found %TO% at line 1566 in file "/workspace/a3-control-center-pcb/manufacturing/generated/rev-a-audit/gerbers/dual_can_esp32-F_Cu.gtl"

** (process:89272): CRITICAL **: 10:36:57.314: Unknown RS-274X extension found %TO% at line 1567 in file "/workspace/a3-control-center-pcb/manufacturing/generated/rev-a-audit/gerbers/dual_can_esp32-F_Cu.gtl"

** (process:89272): CRITICAL **: 10:36:57.314: Unknown RS-274X extension found %TD% at line 1569 in file "/workspace/a3-control-center-pcb/manufacturing/generated/rev-a-audit/gerbers/dual_can_esp32-F_Cu.gtl"

** (process:89272): CRITICAL **: 10:36:57.314: Unknown RS-274X extension found %TO% at line 1571 in file "/workspace/a3-control-center-pcb/manufacturing/generated/rev-a-audit/gerbers/dual_can_esp32-F_Cu.gtl"

** (process:89272): CRITICAL **: 10:36:57.314: Unknown RS-274X extension found %TO% at line 1572 in file "/workspace/a3-control-center-pcb/manufacturing/generated/rev-a-audit/gerbers/dual_can_esp32-F_Cu.gtl"

** (process:89272): CRITICAL **: 10:36:57.315: Unknown RS-274X extension found %TO% at line 1574 in file "/workspace/a3-control-center-pcb/manufacturing/generated/rev-a-audit/gerbers/dual_can_esp32-F_Cu.gtl"

** (process:89272): CRITICAL **: 10:36:57.315: Unknown RS-274X extension found %TO% at line 1575 in file "/workspace/a3-control-center-pcb/manufacturing/generated/rev-a-audit/gerbers/dual_can_esp32-F_Cu.gtl"

** (process:89272): CRITICAL **: 10:36:57.315: Unknown RS-274X extension found %TD% at line 1577 in file "/workspace/a3-control-center-pcb/manufacturing/generated/rev-a-audit/gerbers/dual_can_esp32-F_Cu.gtl"

** (process:89272): CRITICAL **: 10:36:57.315: Unknown RS-274X extension found %TO% at line 1579 in file "/workspace/a3-control-center-pcb/manufacturing/generated/rev-a-audit/gerbers/dual_can_esp32-F_Cu.gtl"

** (process:89272): CRITICAL **: 10:36:57.315: Unknown RS-274X extension found %TO% at line 1580 in file "/workspace/a3-control-center-pcb/manufacturing/generated/rev-a-audit/gerbers/dual_can_esp32-F_Cu.gtl"

** (process:89272): CRITICAL **: 10:36:57.315: Unknown RS-274X extension found %TO% at line 1583 in file "/workspace/a3-control-center-pcb/manufacturing/generated/rev-a-audit/gerbers/dual_can_esp32-F_Cu.gtl"

** (process:89272): CRITICAL **: 10:36:57.315: Unknown RS-274X extension found %TO% at line 1584 in file "/workspace/a3-control-center-pcb/manufacturing/generated/rev-a-audit/gerbers/dual_can_esp32-F_Cu.gtl"

** (process:89272): CRITICAL **: 10:36:57.315: Unknown RS-274X extension found %TD% at line 1587 in file "/workspace/a3-control-center-pcb/manufacturing/generated/rev-a-audit/gerbers/dual_can_esp32-F_Cu.gtl"

** (process:89272): CRITICAL **: 10:36:57.315: Unknown RS-274X extension found %TO% at line 1588 in file "/workspace/a3-control-center-pcb/manufacturing/generated/rev-a-audit/gerbers/dual_can_esp32-F_Cu.gtl"

** (process:89272): CRITICAL **: 10:36:57.315: Unknown RS-274X extension found %TO% at line 1589 in file "/workspace/a3-control-center-pcb/manufacturing/generated/rev-a-audit/gerbers/dual_can_esp32-F_Cu.gtl"

** (process:89272): CRITICAL **: 10:36:57.315: Unknown RS-274X extension found %TO% at line 1592 in file "/workspace/a3-control-center-pcb/manufacturing/generated/rev-a-audit/gerbers/dual_can_esp32-F_Cu.gtl"

** (process:89272): CRITICAL **: 10:36:57.315: Unknown RS-274X extension found %TO% at line 1593 in file "/workspace/a3-control-center-pcb/manufacturing/generated/rev-a-audit/gerbers/dual_can_esp32-F_Cu.gtl"

** (process:89272): CRITICAL **: 10:36:57.315: Unknown RS-274X extension found %TD% at line 1596 in file "/workspace/a3-control-center-pcb/manufacturing/generated/rev-a-audit/gerbers/dual_can_esp32-F_Cu.gtl"

** (process:89272): CRITICAL **: 10:36:57.315: Unknown RS-274X extension found %TO% at line 1598 in file "/workspace/a3-control-center-pcb/manufacturing/generated/rev-a-audit/gerbers/dual_can_esp32-F_Cu.gtl"

** (process:89272): CRITICAL **: 10:36:57.315: Unknown RS-274X extension found %TO% at line 1599 in file "/workspace/a3-control-center-pcb/manufacturing/generated/rev-a-audit/gerbers/dual_can_esp32-F_Cu.gtl"

** (process:89272): CRITICAL **: 10:36:57.315: Unknown RS-274X extension found %TO% at line 1601 in file "/workspace/a3-control-center-pcb/manufacturing/generated/rev-a-audit/gerbers/dual_can_esp32-F_Cu.gtl"

** (process:89272): CRITICAL **: 10:36:57.315: Unknown RS-274X extension found %TO% at line 1602 in file "/workspace/a3-control-center-pcb/manufacturing/generated/rev-a-audit/gerbers/dual_can_esp32-F_Cu.gtl"

** (process:89272): CRITICAL **: 10:36:57.315: Unknown RS-274X extension found %TD% at line 1604 in file "/workspace/a3-control-center-pcb/manufacturing/generated/rev-a-audit/gerbers/dual_can_esp32-F_Cu.gtl"

** (process:89272): CRITICAL **: 10:36:57.315: Unknown RS-274X extension found %TO% at line 1606 in file "/workspace/a3-control-center-pcb/manufacturing/generated/rev-a-audit/gerbers/dual_can_esp32-F_Cu.gtl"

** (process:89272): CRITICAL **: 10:36:57.315: Unknown RS-274X extension found %TO% at line 1607 in file "/workspace/a3-control-center-pcb/manufacturing/generated/rev-a-audit/gerbers/dual_can_esp32-F_Cu.gtl"

** (process:89272): CRITICAL **: 10:36:57.315: Unknown RS-274X extension found %TO% at line 1609 in file "/workspace/a3-control-center-pcb/manufacturing/generated/rev-a-audit/gerbers/dual_can_esp32-F_Cu.gtl"

** (process:89272): CRITICAL **: 10:36:57.315: Unknown RS-274X extension found %TO% at line 1610 in file "/workspace/a3-control-center-pcb/manufacturing/generated/rev-a-audit/gerbers/dual_can_esp32-F_Cu.gtl"

** (process:89272): CRITICAL **: 10:36:57.315: Unknown RS-274X extension found %TD% at line 1612 in file "/workspace/a3-control-center-pcb/manufacturing/generated/rev-a-audit/gerbers/dual_can_esp32-F_Cu.gtl"

** (process:89272): CRITICAL **: 10:36:57.315: Unknown RS-274X extension found %TO% at line 1614 in file "/workspace/a3-control-center-pcb/manufacturing/generated/rev-a-audit/gerbers/dual_can_esp32-F_Cu.gtl"

** (process:89272): CRITICAL **: 10:36:57.315: Unknown RS-274X extension found %TO% at line 1615 in file "/workspace/a3-control-center-pcb/manufacturing/generated/rev-a-audit/gerbers/dual_can_esp32-F_Cu.gtl"

** (process:89272): CRITICAL **: 10:36:57.315: Unknown RS-274X extension found %TD% at line 1617 in file "/workspace/a3-control-center-pcb/manufacturing/generated/rev-a-audit/gerbers/dual_can_esp32-F_Cu.gtl"

** (process:89272): CRITICAL **: 10:36:57.316: Unknown RS-274X extension found %TO% at line 1619 in file "/workspace/a3-control-center-pcb/manufacturing/generated/rev-a-audit/gerbers/dual_can_esp32-F_Cu.gtl"

** (process:89272): CRITICAL **: 10:36:57.316: Unknown RS-274X extension found %TO% at line 1620 in file "/workspace/a3-control-center-pcb/manufacturing/generated/rev-a-audit/gerbers/dual_can_esp32-F_Cu.gtl"

** (process:89272): CRITICAL **: 10:36:57.316: Unknown RS-274X extension found %TO% at line 1622 in file "/workspace/a3-control-center-pcb/manufacturing/generated/rev-a-audit/gerbers/dual_can_esp32-F_Cu.gtl"

** (process:89272): CRITICAL **: 10:36:57.316: Unknown RS-274X extension found %TO% at line 1623 in file "/workspace/a3-control-center-pcb/manufacturing/generated/rev-a-audit/gerbers/dual_can_esp32-F_Cu.gtl"

** (process:89272): CRITICAL **: 10:36:57.316: Unknown RS-274X extension found %TO% at line 1625 in file "/workspace/a3-control-center-pcb/manufacturing/generated/rev-a-audit/gerbers/dual_can_esp32-F_Cu.gtl"

** (process:89272): CRITICAL **: 10:36:57.316: Unknown RS-274X extension found %TO% at line 1626 in file "/workspace/a3-control-center-pcb/manufacturing/generated/rev-a-audit/gerbers/dual_can_esp32-F_Cu.gtl"

** (process:89272): CRITICAL **: 10:36:57.316: Unknown RS-274X extension found %TO% at line 1628 in file "/workspace/a3-control-center-pcb/manufacturing/generated/rev-a-audit/gerbers/dual_can_esp32-F_Cu.gtl"

** (process:89272): CRITICAL **: 10:36:57.316: Unknown RS-274X extension found %TO% at line 1629 in file "/workspace/a3-control-center-pcb/manufacturing/generated/rev-a-audit/gerbers/dual_can_esp32-F_Cu.gtl"

** (process:89272): CRITICAL **: 10:36:57.316: Unknown RS-274X extension found %TO% at line 1631 in file "/workspace/a3-control-center-pcb/manufacturing/generated/rev-a-audit/gerbers/dual_can_esp32-F_Cu.gtl"

** (process:89272): CRITICAL **: 10:36:57.316: Unknown RS-274X extension found %TO% at line 1632 in file "/workspace/a3-control-center-pcb/manufacturing/generated/rev-a-audit/gerbers/dual_can_esp32-F_Cu.gtl"

** (process:89272): CRITICAL **: 10:36:57.316: Unknown RS-274X extension found %TO% at line 1634 in file "/workspace/a3-control-center-pcb/manufacturing/generated/rev-a-audit/gerbers/dual_can_esp32-F_Cu.gtl"

** (process:89272): CRITICAL **: 10:36:57.316: Unknown RS-274X extension found %TO% at line 1635 in file "/workspace/a3-control-center-pcb/manufacturing/generated/rev-a-audit/gerbers/dual_can_esp32-F_Cu.gtl"

** (process:89272): CRITICAL **: 10:36:57.316: Unknown RS-274X extension found %TO% at line 1637 in file "/workspace/a3-control-center-pcb/manufacturing/generated/rev-a-audit/gerbers/dual_can_esp32-F_Cu.gtl"

** (process:89272): CRITICAL **: 10:36:57.316: Unknown RS-274X extension found %TO% at line 1640 in file "/workspace/a3-control-center-pcb/manufacturing/generated/rev-a-audit/gerbers/dual_can_esp32-F_Cu.gtl"

** (process:89272): CRITICAL **: 10:36:57.316: Unknown RS-274X extension found %TO% at line 1641 in file "/workspace/a3-control-center-pcb/manufacturing/generated/rev-a-audit/gerbers/dual_can_esp32-F_Cu.gtl"

** (process:89272): CRITICAL **: 10:36:57.316: Unknown RS-274X extension found %TO% at line 1643 in file "/workspace/a3-control-center-pcb/manufacturing/generated/rev-a-audit/gerbers/dual_can_esp32-F_Cu.gtl"

** (process:89272): CRITICAL **: 10:36:57.316: Unknown RS-274X extension found %TO% at line 1644 in file "/workspace/a3-control-center-pcb/manufacturing/generated/rev-a-audit/gerbers/dual_can_esp32-F_Cu.gtl"

** (process:89272): CRITICAL **: 10:36:57.316: Unknown RS-274X extension found %TO% at line 1646 in file "/workspace/a3-control-center-pcb/manufacturing/generated/rev-a-audit/gerbers/dual_can_esp32-F_Cu.gtl"

** (process:89272): CRITICAL **: 10:36:57.316: Unknown RS-274X extension found %TO% at line 1647 in file "/workspace/a3-control-center-pcb/manufacturing/generated/rev-a-audit/gerbers/dual_can_esp32-F_Cu.gtl"

** (process:89272): CRITICAL **: 10:36:57.316: Unknown RS-274X extension found %TO% at line 1649 in file "/workspace/a3-control-center-pcb/manufacturing/generated/rev-a-audit/gerbers/dual_can_esp32-F_Cu.gtl"

** (process:89272): CRITICAL **: 10:36:57.316: Unknown RS-274X extension found %TO% at line 1650 in file "/workspace/a3-control-center-pcb/manufacturing/generated/rev-a-audit/gerbers/dual_can_esp32-F_Cu.gtl"

** (process:89272): CRITICAL **: 10:36:57.316: Unknown RS-274X extension found %TO% at line 1652 in file "/workspace/a3-control-center-pcb/manufacturing/generated/rev-a-audit/gerbers/dual_can_esp32-F_Cu.gtl"

** (process:89272): CRITICAL **: 10:36:57.316: Unknown RS-274X extension found %TO% at line 1653 in file "/workspace/a3-control-center-pcb/manufacturing/generated/rev-a-audit/gerbers/dual_can_esp32-F_Cu.gtl"

** (process:89272): CRITICAL **: 10:36:57.316: Unknown RS-274X extension found %TO% at line 1655 in file "/workspace/a3-control-center-pcb/manufacturing/generated/rev-a-audit/gerbers/dual_can_esp32-F_Cu.gtl"

** (process:89272): CRITICAL **: 10:36:57.316: Unknown RS-274X extension found %TO% at line 1656 in file "/workspace/a3-control-center-pcb/manufacturing/generated/rev-a-audit/gerbers/dual_can_esp32-F_Cu.gtl"

** (process:89272): CRITICAL **: 10:36:57.317: Unknown RS-274X extension found %TO% at line 1658 in file "/workspace/a3-control-center-pcb/manufacturing/generated/rev-a-audit/gerbers/dual_can_esp32-F_Cu.gtl"

** (process:89272): CRITICAL **: 10:36:57.317: Unknown RS-274X extension found %TO% at line 1659 in file "/workspace/a3-control-center-pcb/manufacturing/generated/rev-a-audit/gerbers/dual_can_esp32-F_Cu.gtl"

** (process:89272): CRITICAL **: 10:36:57.317: Unknown RS-274X extension found %TO% at line 1662 in file "/workspace/a3-control-center-pcb/manufacturing/generated/rev-a-audit/gerbers/dual_can_esp32-F_Cu.gtl"

** (process:89272): CRITICAL **: 10:36:57.317: Unknown RS-274X extension found %TO% at line 1663 in file "/workspace/a3-control-center-pcb/manufacturing/generated/rev-a-audit/gerbers/dual_can_esp32-F_Cu.gtl"

** (process:89272): CRITICAL **: 10:36:57.317: Unknown RS-274X extension found %TO% at line 1665 in file "/workspace/a3-control-center-pcb/manufacturing/generated/rev-a-audit/gerbers/dual_can_esp32-F_Cu.gtl"

** (process:89272): CRITICAL **: 10:36:57.317: Unknown RS-274X extension found %TO% at line 1666 in file "/workspace/a3-control-center-pcb/manufacturing/generated/rev-a-audit/gerbers/dual_can_esp32-F_Cu.gtl"

** (process:89272): CRITICAL **: 10:36:57.317: Unknown RS-274X extension found %TO% at line 1668 in file "/workspace/a3-control-center-pcb/manufacturing/generated/rev-a-audit/gerbers/dual_can_esp32-F_Cu.gtl"

** (process:89272): CRITICAL **: 10:36:57.317: Unknown RS-274X extension found %TO% at line 1669 in file "/workspace/a3-control-center-pcb/manufacturing/generated/rev-a-audit/gerbers/dual_can_esp32-F_Cu.gtl"

** (process:89272): CRITICAL **: 10:36:57.317: Unknown RS-274X extension found %TO% at line 1671 in file "/workspace/a3-control-center-pcb/manufacturing/generated/rev-a-audit/gerbers/dual_can_esp32-F_Cu.gtl"

** (process:89272): CRITICAL **: 10:36:57.317: Unknown RS-274X extension found %TO% at line 1672 in file "/workspace/a3-control-center-pcb/manufacturing/generated/rev-a-audit/gerbers/dual_can_esp32-F_Cu.gtl"

** (process:89272): CRITICAL **: 10:36:57.317: Unknown RS-274X extension found %TO% at line 1674 in file "/workspace/a3-control-center-pcb/manufacturing/generated/rev-a-audit/gerbers/dual_can_esp32-F_Cu.gtl"

** (process:89272): CRITICAL **: 10:36:57.317: Unknown RS-274X extension found %TO% at line 1675 in file "/workspace/a3-control-center-pcb/manufacturing/generated/rev-a-audit/gerbers/dual_can_esp32-F_Cu.gtl"

** (process:89272): CRITICAL **: 10:36:57.317: Unknown RS-274X extension found %TO% at line 1677 in file "/workspace/a3-control-center-pcb/manufacturing/generated/rev-a-audit/gerbers/dual_can_esp32-F_Cu.gtl"

** (process:89272): CRITICAL **: 10:36:57.317: Unknown RS-274X extension found %TO% at line 1678 in file "/workspace/a3-control-center-pcb/manufacturing/generated/rev-a-audit/gerbers/dual_can_esp32-F_Cu.gtl"

** (process:89272): CRITICAL **: 10:36:57.317: Unknown RS-274X extension found %TO% at line 1680 in file "/workspace/a3-control-center-pcb/manufacturing/generated/rev-a-audit/gerbers/dual_can_esp32-F_Cu.gtl"

** (process:89272): CRITICAL **: 10:36:57.317: Unknown RS-274X extension found %TO% at line 1681 in file "/workspace/a3-control-center-pcb/manufacturing/generated/rev-a-audit/gerbers/dual_can_esp32-F_Cu.gtl"

** (process:89272): CRITICAL **: 10:36:57.317: Unknown RS-274X extension found %TO% at line 1684 in file "/workspace/a3-control-center-pcb/manufacturing/generated/rev-a-audit/gerbers/dual_can_esp32-F_Cu.gtl"

** (process:89272): CRITICAL **: 10:36:57.317: Unknown RS-274X extension found %TO% at line 1685 in file "/workspace/a3-control-center-pcb/manufacturing/generated/rev-a-audit/gerbers/dual_can_esp32-F_Cu.gtl"

** (process:89272): CRITICAL **: 10:36:57.317: Unknown RS-274X extension found %TO% at line 1687 in file "/workspace/a3-control-center-pcb/manufacturing/generated/rev-a-audit/gerbers/dual_can_esp32-F_Cu.gtl"

** (process:89272): CRITICAL **: 10:36:57.317: Unknown RS-274X extension found %TO% at line 1688 in file "/workspace/a3-control-center-pcb/manufacturing/generated/rev-a-audit/gerbers/dual_can_esp32-F_Cu.gtl"

** (process:89272): CRITICAL **: 10:36:57.317: Unknown RS-274X extension found %TO% at line 1690 in file "/workspace/a3-control-center-pcb/manufacturing/generated/rev-a-audit/gerbers/dual_can_esp32-F_Cu.gtl"

** (process:89272): CRITICAL **: 10:36:57.317: Unknown RS-274X extension found %TO% at line 1691 in file "/workspace/a3-control-center-pcb/manufacturing/generated/rev-a-audit/gerbers/dual_can_esp32-F_Cu.gtl"

** (process:89272): CRITICAL **: 10:36:57.318: Unknown RS-274X extension found %TO% at line 1693 in file "/workspace/a3-control-center-pcb/manufacturing/generated/rev-a-audit/gerbers/dual_can_esp32-F_Cu.gtl"

** (process:89272): CRITICAL **: 10:36:57.318: Unknown RS-274X extension found %TO% at line 1694 in file "/workspace/a3-control-center-pcb/manufacturing/generated/rev-a-audit/gerbers/dual_can_esp32-F_Cu.gtl"

** (process:89272): CRITICAL **: 10:36:57.318: Unknown RS-274X extension found %TO% at line 1696 in file "/workspace/a3-control-center-pcb/manufacturing/generated/rev-a-audit/gerbers/dual_can_esp32-F_Cu.gtl"

** (process:89272): CRITICAL **: 10:36:57.318: Unknown RS-274X extension found %TO% at line 1697 in file "/workspace/a3-control-center-pcb/manufacturing/generated/rev-a-audit/gerbers/dual_can_esp32-F_Cu.gtl"

** (process:89272): CRITICAL **: 10:36:57.318: Unknown RS-274X extension found %TO% at line 1699 in file "/workspace/a3-control-center-pcb/manufacturing/generated/rev-a-audit/gerbers/dual_can_esp32-F_Cu.gtl"

** (process:89272): CRITICAL **: 10:36:57.318: Unknown RS-274X extension found %TO% at line 1700 in file "/workspace/a3-control-center-pcb/manufacturing/generated/rev-a-audit/gerbers/dual_can_esp32-F_Cu.gtl"

** (process:89272): CRITICAL **: 10:36:57.318: Unknown RS-274X extension found %TO% at line 1702 in file "/workspace/a3-control-center-pcb/manufacturing/generated/rev-a-audit/gerbers/dual_can_esp32-F_Cu.gtl"

** (process:89272): CRITICAL **: 10:36:57.318: Unknown RS-274X extension found %TO% at line 1703 in file "/workspace/a3-control-center-pcb/manufacturing/generated/rev-a-audit/gerbers/dual_can_esp32-F_Cu.gtl"

** (process:89272): CRITICAL **: 10:36:57.318: Unknown RS-274X extension found %TO% at line 1706 in file "/workspace/a3-control-center-pcb/manufacturing/generated/rev-a-audit/gerbers/dual_can_esp32-F_Cu.gtl"

** (process:89272): CRITICAL **: 10:36:57.318: Unknown RS-274X extension found %TO% at line 1707 in file "/workspace/a3-control-center-pcb/manufacturing/generated/rev-a-audit/gerbers/dual_can_esp32-F_Cu.gtl"

** (process:89272): CRITICAL **: 10:36:57.318: Unknown RS-274X extension found %TD% at line 1709 in file "/workspace/a3-control-center-pcb/manufacturing/generated/rev-a-audit/gerbers/dual_can_esp32-F_Cu.gtl"

** (process:89272): CRITICAL **: 10:36:57.318: Unknown RS-274X extension found %TO% at line 1711 in file "/workspace/a3-control-center-pcb/manufacturing/generated/rev-a-audit/gerbers/dual_can_esp32-F_Cu.gtl"

** (process:89272): CRITICAL **: 10:36:57.318: Unknown RS-274X extension found %TO% at line 1712 in file "/workspace/a3-control-center-pcb/manufacturing/generated/rev-a-audit/gerbers/dual_can_esp32-F_Cu.gtl"

** (process:89272): CRITICAL **: 10:36:57.318: Unknown RS-274X extension found %TO% at line 1715 in file "/workspace/a3-control-center-pcb/manufacturing/generated/rev-a-audit/gerbers/dual_can_esp32-F_Cu.gtl"

** (process:89272): CRITICAL **: 10:36:57.318: Unknown RS-274X extension found %TO% at line 1716 in file "/workspace/a3-control-center-pcb/manufacturing/generated/rev-a-audit/gerbers/dual_can_esp32-F_Cu.gtl"

** (process:89272): CRITICAL **: 10:36:57.318: Unknown RS-274X extension found %TD% at line 1718 in file "/workspace/a3-control-center-pcb/manufacturing/generated/rev-a-audit/gerbers/dual_can_esp32-F_Cu.gtl"

** (process:89272): CRITICAL **: 10:36:57.318: Unknown RS-274X extension found %TO% at line 1720 in file "/workspace/a3-control-center-pcb/manufacturing/generated/rev-a-audit/gerbers/dual_can_esp32-F_Cu.gtl"

** (process:89272): CRITICAL **: 10:36:57.318: Unknown RS-274X extension found %TO% at line 1721 in file "/workspace/a3-control-center-pcb/manufacturing/generated/rev-a-audit/gerbers/dual_can_esp32-F_Cu.gtl"

** (process:89272): CRITICAL **: 10:36:57.318: Unknown RS-274X extension found %TO% at line 1723 in file "/workspace/a3-control-center-pcb/manufacturing/generated/rev-a-audit/gerbers/dual_can_esp32-F_Cu.gtl"

** (process:89272): CRITICAL **: 10:36:57.318: Unknown RS-274X extension found %TO% at line 1724 in file "/workspace/a3-control-center-pcb/manufacturing/generated/rev-a-audit/gerbers/dual_can_esp32-F_Cu.gtl"

** (process:89272): CRITICAL **: 10:36:57.318: Unknown RS-274X extension found %TD% at line 1726 in file "/workspace/a3-control-center-pcb/manufacturing/generated/rev-a-audit/gerbers/dual_can_esp32-F_Cu.gtl"

** (process:89272): CRITICAL **: 10:36:57.318: Unknown RS-274X extension found %TO% at line 1728 in file "/workspace/a3-control-center-pcb/manufacturing/generated/rev-a-audit/gerbers/dual_can_esp32-F_Cu.gtl"

** (process:89272): CRITICAL **: 10:36:57.319: Unknown RS-274X extension found %TO% at line 1729 in file "/workspace/a3-control-center-pcb/manufacturing/generated/rev-a-audit/gerbers/dual_can_esp32-F_Cu.gtl"

** (process:89272): CRITICAL **: 10:36:57.319: Unknown RS-274X extension found %TO% at line 1731 in file "/workspace/a3-control-center-pcb/manufacturing/generated/rev-a-audit/gerbers/dual_can_esp32-F_Cu.gtl"

** (process:89272): CRITICAL **: 10:36:57.319: Unknown RS-274X extension found %TO% at line 1732 in file "/workspace/a3-control-center-pcb/manufacturing/generated/rev-a-audit/gerbers/dual_can_esp32-F_Cu.gtl"

** (process:89272): CRITICAL **: 10:36:57.319: Unknown RS-274X extension found %TD% at line 1734 in file "/workspace/a3-control-center-pcb/manufacturing/generated/rev-a-audit/gerbers/dual_can_esp32-F_Cu.gtl"

** (process:89272): CRITICAL **: 10:36:57.319: Unknown RS-274X extension found %TO% at line 1736 in file "/workspace/a3-control-center-pcb/manufacturing/generated/rev-a-audit/gerbers/dual_can_esp32-F_Cu.gtl"

** (process:89272): CRITICAL **: 10:36:57.319: Unknown RS-274X extension found %TO% at line 1737 in file "/workspace/a3-control-center-pcb/manufacturing/generated/rev-a-audit/gerbers/dual_can_esp32-F_Cu.gtl"

** (process:89272): CRITICAL **: 10:36:57.319: Unknown RS-274X extension found %TO% at line 1739 in file "/workspace/a3-control-center-pcb/manufacturing/generated/rev-a-audit/gerbers/dual_can_esp32-F_Cu.gtl"

** (process:89272): CRITICAL **: 10:36:57.319: Unknown RS-274X extension found %TO% at line 1740 in file "/workspace/a3-control-center-pcb/manufacturing/generated/rev-a-audit/gerbers/dual_can_esp32-F_Cu.gtl"

** (process:89272): CRITICAL **: 10:36:57.319: Unknown RS-274X extension found %TD% at line 1742 in file "/workspace/a3-control-center-pcb/manufacturing/generated/rev-a-audit/gerbers/dual_can_esp32-F_Cu.gtl"

** (process:89272): CRITICAL **: 10:36:57.319: Unknown RS-274X extension found %TO% at line 1744 in file "/workspace/a3-control-center-pcb/manufacturing/generated/rev-a-audit/gerbers/dual_can_esp32-F_Cu.gtl"

** (process:89272): CRITICAL **: 10:36:57.319: Unknown RS-274X extension found %TO% at line 1745 in file "/workspace/a3-control-center-pcb/manufacturing/generated/rev-a-audit/gerbers/dual_can_esp32-F_Cu.gtl"

** (process:89272): CRITICAL **: 10:36:57.319: Unknown RS-274X extension found %TO% at line 1747 in file "/workspace/a3-control-center-pcb/manufacturing/generated/rev-a-audit/gerbers/dual_can_esp32-F_Cu.gtl"

** (process:89272): CRITICAL **: 10:36:57.319: Unknown RS-274X extension found %TO% at line 1748 in file "/workspace/a3-control-center-pcb/manufacturing/generated/rev-a-audit/gerbers/dual_can_esp32-F_Cu.gtl"

** (process:89272): CRITICAL **: 10:36:57.319: Unknown RS-274X extension found %TD% at line 1750 in file "/workspace/a3-control-center-pcb/manufacturing/generated/rev-a-audit/gerbers/dual_can_esp32-F_Cu.gtl"

** (process:89272): CRITICAL **: 10:36:57.319: Unknown RS-274X extension found %TO% at line 1752 in file "/workspace/a3-control-center-pcb/manufacturing/generated/rev-a-audit/gerbers/dual_can_esp32-F_Cu.gtl"

** (process:89272): CRITICAL **: 10:36:57.319: Unknown RS-274X extension found %TO% at line 1753 in file "/workspace/a3-control-center-pcb/manufacturing/generated/rev-a-audit/gerbers/dual_can_esp32-F_Cu.gtl"

** (process:89272): CRITICAL **: 10:36:57.319: Unknown RS-274X extension found %TO% at line 1756 in file "/workspace/a3-control-center-pcb/manufacturing/generated/rev-a-audit/gerbers/dual_can_esp32-F_Cu.gtl"

** (process:89272): CRITICAL **: 10:36:57.319: Unknown RS-274X extension found %TO% at line 1757 in file "/workspace/a3-control-center-pcb/manufacturing/generated/rev-a-audit/gerbers/dual_can_esp32-F_Cu.gtl"

** (process:89272): CRITICAL **: 10:36:57.319: Unknown RS-274X extension found %TD% at line 1759 in file "/workspace/a3-control-center-pcb/manufacturing/generated/rev-a-audit/gerbers/dual_can_esp32-F_Cu.gtl"

** (process:89272): CRITICAL **: 10:36:57.319: Unknown RS-274X extension found %TO% at line 1761 in file "/workspace/a3-control-center-pcb/manufacturing/generated/rev-a-audit/gerbers/dual_can_esp32-F_Cu.gtl"

** (process:89272): CRITICAL **: 10:36:57.319: Unknown RS-274X extension found %TO% at line 1762 in file "/workspace/a3-control-center-pcb/manufacturing/generated/rev-a-audit/gerbers/dual_can_esp32-F_Cu.gtl"

** (process:89272): CRITICAL **: 10:36:57.319: Unknown RS-274X extension found %TO% at line 1764 in file "/workspace/a3-control-center-pcb/manufacturing/generated/rev-a-audit/gerbers/dual_can_esp32-F_Cu.gtl"

** (process:89272): CRITICAL **: 10:36:57.319: Unknown RS-274X extension found %TO% at line 1765 in file "/workspace/a3-control-center-pcb/manufacturing/generated/rev-a-audit/gerbers/dual_can_esp32-F_Cu.gtl"

** (process:89272): CRITICAL **: 10:36:57.320: Unknown RS-274X extension found %TD% at line 1767 in file "/workspace/a3-control-center-pcb/manufacturing/generated/rev-a-audit/gerbers/dual_can_esp32-F_Cu.gtl"

** (process:89272): CRITICAL **: 10:36:57.320: Unknown RS-274X extension found %TO% at line 1769 in file "/workspace/a3-control-center-pcb/manufacturing/generated/rev-a-audit/gerbers/dual_can_esp32-F_Cu.gtl"

** (process:89272): CRITICAL **: 10:36:57.320: Unknown RS-274X extension found %TO% at line 1770 in file "/workspace/a3-control-center-pcb/manufacturing/generated/rev-a-audit/gerbers/dual_can_esp32-F_Cu.gtl"

** (process:89272): CRITICAL **: 10:36:57.320: Unknown RS-274X extension found %TD% at line 1772 in file "/workspace/a3-control-center-pcb/manufacturing/generated/rev-a-audit/gerbers/dual_can_esp32-F_Cu.gtl"

** (process:89272): CRITICAL **: 10:36:57.320: Unknown RS-274X extension found %TO% at line 1773 in file "/workspace/a3-control-center-pcb/manufacturing/generated/rev-a-audit/gerbers/dual_can_esp32-F_Cu.gtl"

** (process:89272): CRITICAL **: 10:36:57.320: Unknown RS-274X extension found %TO% at line 1774 in file "/workspace/a3-control-center-pcb/manufacturing/generated/rev-a-audit/gerbers/dual_can_esp32-F_Cu.gtl"

** (process:89272): CRITICAL **: 10:36:57.320: Unknown RS-274X extension found %TD% at line 1776 in file "/workspace/a3-control-center-pcb/manufacturing/generated/rev-a-audit/gerbers/dual_can_esp32-F_Cu.gtl"

** (process:89272): CRITICAL **: 10:36:57.320: Unknown RS-274X extension found %TO% at line 1778 in file "/workspace/a3-control-center-pcb/manufacturing/generated/rev-a-audit/gerbers/dual_can_esp32-F_Cu.gtl"

** (process:89272): CRITICAL **: 10:36:57.320: Unknown RS-274X extension found %TO% at line 1787 in file "/workspace/a3-control-center-pcb/manufacturing/generated/rev-a-audit/gerbers/dual_can_esp32-F_Cu.gtl"

** (process:89272): CRITICAL **: 10:36:57.320: Unknown RS-274X extension found %TO% at line 1865 in file "/workspace/a3-control-center-pcb/manufacturing/generated/rev-a-audit/gerbers/dual_can_esp32-F_Cu.gtl"

** (process:89272): CRITICAL **: 10:36:57.320: Unknown RS-274X extension found %TO% at line 1867 in file "/workspace/a3-control-center-pcb/manufacturing/generated/rev-a-audit/gerbers/dual_can_esp32-F_Cu.gtl"

** (process:89272): CRITICAL **: 10:36:57.320: Unknown RS-274X extension found %TO% at line 1870 in file "/workspace/a3-control-center-pcb/manufacturing/generated/rev-a-audit/gerbers/dual_can_esp32-F_Cu.gtl"

** (process:89272): CRITICAL **: 10:36:57.320: Unknown RS-274X extension found %TO% at line 1900 in file "/workspace/a3-control-center-pcb/manufacturing/generated/rev-a-audit/gerbers/dual_can_esp32-F_Cu.gtl"

** (process:89272): CRITICAL **: 10:36:57.320: Unknown RS-274X extension found %TO% at line 1902 in file "/workspace/a3-control-center-pcb/manufacturing/generated/rev-a-audit/gerbers/dual_can_esp32-F_Cu.gtl"

** (process:89272): CRITICAL **: 10:36:57.320: Unknown RS-274X extension found %TO% at line 1907 in file "/workspace/a3-control-center-pcb/manufacturing/generated/rev-a-audit/gerbers/dual_can_esp32-F_Cu.gtl"

** (process:89272): CRITICAL **: 10:36:57.320: Unknown RS-274X extension found %TO% at line 1917 in file "/workspace/a3-control-center-pcb/manufacturing/generated/rev-a-audit/gerbers/dual_can_esp32-F_Cu.gtl"

** (process:89272): CRITICAL **: 10:36:57.320: Unknown RS-274X extension found %TO% at line 1921 in file "/workspace/a3-control-center-pcb/manufacturing/generated/rev-a-audit/gerbers/dual_can_esp32-F_Cu.gtl"

** (process:89272): CRITICAL **: 10:36:57.320: Unknown RS-274X extension found %TO% at line 1925 in file "/workspace/a3-control-center-pcb/manufacturing/generated/rev-a-audit/gerbers/dual_can_esp32-F_Cu.gtl"

** (process:89272): CRITICAL **: 10:36:57.320: Unknown RS-274X extension found %TO% at line 1928 in file "/workspace/a3-control-center-pcb/manufacturing/generated/rev-a-audit/gerbers/dual_can_esp32-F_Cu.gtl"

** (process:89272): CRITICAL **: 10:36:57.320: Unknown RS-274X extension found %TO% at line 1934 in file "/workspace/a3-control-center-pcb/manufacturing/generated/rev-a-audit/gerbers/dual_can_esp32-F_Cu.gtl"

** (process:89272): CRITICAL **: 10:36:57.320: Unknown RS-274X extension found %TO% at line 1942 in file "/workspace/a3-control-center-pcb/manufacturing/generated/rev-a-audit/gerbers/dual_can_esp32-F_Cu.gtl"

** (process:89272): CRITICAL **: 10:36:57.320: Unknown RS-274X extension found %TO% at line 1951 in file "/workspace/a3-control-center-pcb/manufacturing/generated/rev-a-audit/gerbers/dual_can_esp32-F_Cu.gtl"

** (process:89272): CRITICAL **: 10:36:57.321: Unknown RS-274X extension found %TO% at line 1955 in file "/workspace/a3-control-center-pcb/manufacturing/generated/rev-a-audit/gerbers/dual_can_esp32-F_Cu.gtl"

** (process:89272): CRITICAL **: 10:36:57.321: Unknown RS-274X extension found %TO% at line 1971 in file "/workspace/a3-control-center-pcb/manufacturing/generated/rev-a-audit/gerbers/dual_can_esp32-F_Cu.gtl"

** (process:89272): CRITICAL **: 10:36:57.321: Unknown RS-274X extension found %TO% at line 1974 in file "/workspace/a3-control-center-pcb/manufacturing/generated/rev-a-audit/gerbers/dual_can_esp32-F_Cu.gtl"

** (process:89272): CRITICAL **: 10:36:57.321: Unknown RS-274X extension found %TO% at line 1977 in file "/workspace/a3-control-center-pcb/manufacturing/generated/rev-a-audit/gerbers/dual_can_esp32-F_Cu.gtl"

** (process:89272): CRITICAL **: 10:36:57.321: Unknown RS-274X extension found %TO% at line 1980 in file "/workspace/a3-control-center-pcb/manufacturing/generated/rev-a-audit/gerbers/dual_can_esp32-F_Cu.gtl"

** (process:89272): CRITICAL **: 10:36:57.321: Unknown RS-274X extension found %TO% at line 1983 in file "/workspace/a3-control-center-pcb/manufacturing/generated/rev-a-audit/gerbers/dual_can_esp32-F_Cu.gtl"

** (process:89272): CRITICAL **: 10:36:57.321: Unknown RS-274X extension found %TO% at line 1989 in file "/workspace/a3-control-center-pcb/manufacturing/generated/rev-a-audit/gerbers/dual_can_esp32-F_Cu.gtl"

** (process:89272): CRITICAL **: 10:36:57.321: Unknown RS-274X extension found %TO% at line 1995 in file "/workspace/a3-control-center-pcb/manufacturing/generated/rev-a-audit/gerbers/dual_can_esp32-F_Cu.gtl"

** (process:89272): CRITICAL **: 10:36:57.321: Unknown RS-274X extension found %TO% at line 1998 in file "/workspace/a3-control-center-pcb/manufacturing/generated/rev-a-audit/gerbers/dual_can_esp32-F_Cu.gtl"

** (process:89272): CRITICAL **: 10:36:57.321: Unknown RS-274X extension found %TO% at line 2002 in file "/workspace/a3-control-center-pcb/manufacturing/generated/rev-a-audit/gerbers/dual_can_esp32-F_Cu.gtl"

** (process:89272): CRITICAL **: 10:36:57.321: Unknown RS-274X extension found %TO% at line 2006 in file "/workspace/a3-control-center-pcb/manufacturing/generated/rev-a-audit/gerbers/dual_can_esp32-F_Cu.gtl"

** (process:89272): CRITICAL **: 10:36:57.321: Unknown RS-274X extension found %TO% at line 2009 in file "/workspace/a3-control-center-pcb/manufacturing/generated/rev-a-audit/gerbers/dual_can_esp32-F_Cu.gtl"

** (process:89272): CRITICAL **: 10:36:57.321: Unknown RS-274X extension found %TO% at line 2012 in file "/workspace/a3-control-center-pcb/manufacturing/generated/rev-a-audit/gerbers/dual_can_esp32-F_Cu.gtl"

** (process:89272): CRITICAL **: 10:36:57.321: Unknown RS-274X extension found %TO% at line 2016 in file "/workspace/a3-control-center-pcb/manufacturing/generated/rev-a-audit/gerbers/dual_can_esp32-F_Cu.gtl"

** (process:89272): CRITICAL **: 10:36:57.321: Unknown RS-274X extension found %TO% at line 2023 in file "/workspace/a3-control-center-pcb/manufacturing/generated/rev-a-audit/gerbers/dual_can_esp32-F_Cu.gtl"

** (process:89272): CRITICAL **: 10:36:57.321: Unknown RS-274X extension found %TO% at line 2031 in file "/workspace/a3-control-center-pcb/manufacturing/generated/rev-a-audit/gerbers/dual_can_esp32-F_Cu.gtl"

** (process:89272): CRITICAL **: 10:36:57.321: Unknown RS-274X extension found %TO% at line 2034 in file "/workspace/a3-control-center-pcb/manufacturing/generated/rev-a-audit/gerbers/dual_can_esp32-F_Cu.gtl"

** (process:89272): CRITICAL **: 10:36:57.321: Unknown RS-274X extension found %TO% at line 2037 in file "/workspace/a3-control-center-pcb/manufacturing/generated/rev-a-audit/gerbers/dual_can_esp32-F_Cu.gtl"

** (process:89272): CRITICAL **: 10:36:57.321: Unknown RS-274X extension found %TO% at line 2040 in file "/workspace/a3-control-center-pcb/manufacturing/generated/rev-a-audit/gerbers/dual_can_esp32-F_Cu.gtl"

** (process:89272): CRITICAL **: 10:36:57.321: Unknown RS-274X extension found %TO% at line 2043 in file "/workspace/a3-control-center-pcb/manufacturing/generated/rev-a-audit/gerbers/dual_can_esp32-F_Cu.gtl"

** (process:89272): CRITICAL **: 10:36:57.321: Unknown RS-274X extension found %TO% at line 2046 in file "/workspace/a3-control-center-pcb/manufacturing/generated/rev-a-audit/gerbers/dual_can_esp32-F_Cu.gtl"

** (process:89272): CRITICAL **: 10:36:57.321: Unknown RS-274X extension found %TO% at line 2052 in file "/workspace/a3-control-center-pcb/manufacturing/generated/rev-a-audit/gerbers/dual_can_esp32-F_Cu.gtl"

** (process:89272): CRITICAL **: 10:36:57.321: Unknown RS-274X extension found %TO% at line 2055 in file "/workspace/a3-control-center-pcb/manufacturing/generated/rev-a-audit/gerbers/dual_can_esp32-F_Cu.gtl"

** (process:89272): CRITICAL **: 10:36:57.322: Unknown RS-274X extension found %TO% at line 2058 in file "/workspace/a3-control-center-pcb/manufacturing/generated/rev-a-audit/gerbers/dual_can_esp32-F_Cu.gtl"

** (process:89272): CRITICAL **: 10:36:57.322: Unknown RS-274X extension found %TO% at line 2063 in file "/workspace/a3-control-center-pcb/manufacturing/generated/rev-a-audit/gerbers/dual_can_esp32-F_Cu.gtl"

** (process:89272): CRITICAL **: 10:36:57.322: Unknown RS-274X extension found %TO% at line 2067 in file "/workspace/a3-control-center-pcb/manufacturing/generated/rev-a-audit/gerbers/dual_can_esp32-F_Cu.gtl"

** (process:89272): CRITICAL **: 10:36:57.322: Unknown RS-274X extension found %TO% at line 2070 in file "/workspace/a3-control-center-pcb/manufacturing/generated/rev-a-audit/gerbers/dual_can_esp32-F_Cu.gtl"

** (process:89272): CRITICAL **: 10:36:57.322: Unknown RS-274X extension found %TO% at line 2073 in file "/workspace/a3-control-center-pcb/manufacturing/generated/rev-a-audit/gerbers/dual_can_esp32-F_Cu.gtl"

** (process:89272): CRITICAL **: 10:36:57.322: Unknown RS-274X extension found %TO% at line 2076 in file "/workspace/a3-control-center-pcb/manufacturing/generated/rev-a-audit/gerbers/dual_can_esp32-F_Cu.gtl"

** (process:89272): CRITICAL **: 10:36:57.322: Unknown RS-274X extension found %TO% at line 2079 in file "/workspace/a3-control-center-pcb/manufacturing/generated/rev-a-audit/gerbers/dual_can_esp32-F_Cu.gtl"

** (process:89272): CRITICAL **: 10:36:57.322: Unknown RS-274X extension found %TO% at line 2088 in file "/workspace/a3-control-center-pcb/manufacturing/generated/rev-a-audit/gerbers/dual_can_esp32-F_Cu.gtl"

** (process:89272): CRITICAL **: 10:36:57.322: Unknown RS-274X extension found %TO% at line 2095 in file "/workspace/a3-control-center-pcb/manufacturing/generated/rev-a-audit/gerbers/dual_can_esp32-F_Cu.gtl"

** (process:89272): CRITICAL **: 10:36:57.322: Unknown RS-274X extension found %TO% at line 2101 in file "/workspace/a3-control-center-pcb/manufacturing/generated/rev-a-audit/gerbers/dual_can_esp32-F_Cu.gtl"

** (process:89272): CRITICAL **: 10:36:57.322: Unknown RS-274X extension found %TO% at line 2108 in file "/workspace/a3-control-center-pcb/manufacturing/generated/rev-a-audit/gerbers/dual_can_esp32-F_Cu.gtl"

** (process:89272): CRITICAL **: 10:36:57.322: Unknown RS-274X extension found %TO% at line 2112 in file "/workspace/a3-control-center-pcb/manufacturing/generated/rev-a-audit/gerbers/dual_can_esp32-F_Cu.gtl"

** (process:89272): CRITICAL **: 10:36:57.322: Unknown RS-274X extension found %TD% at line 2116 in file "/workspace/a3-control-center-pcb/manufacturing/generated/rev-a-audit/gerbers/dual_can_esp32-F_Cu.gtl"

** (process:89272): CRITICAL **: 10:36:57.322: Unknown RS-274X extension found %TO% at line 2117 in file "/workspace/a3-control-center-pcb/manufacturing/generated/rev-a-audit/gerbers/dual_can_esp32-F_Cu.gtl"

** (process:89272): CRITICAL **: 10:36:57.322: Unknown RS-274X extension found %TO% at line 2183 in file "/workspace/a3-control-center-pcb/manufacturing/generated/rev-a-audit/gerbers/dual_can_esp32-F_Cu.gtl"

** (process:89272): CRITICAL **: 10:36:57.322: Unknown RS-274X extension found %TO% at line 2401 in file "/workspace/a3-control-center-pcb/manufacturing/generated/rev-a-audit/gerbers/dual_can_esp32-F_Cu.gtl"

** (process:89272): CRITICAL **: 10:36:57.322: Unknown RS-274X extension found %TO% at line 2411 in file "/workspace/a3-control-center-pcb/manufacturing/generated/rev-a-audit/gerbers/dual_can_esp32-F_Cu.gtl"

** (process:89272): CRITICAL **: 10:36:57.322: Unknown RS-274X extension found %TO% at line 2420 in file "/workspace/a3-control-center-pcb/manufacturing/generated/rev-a-audit/gerbers/dual_can_esp32-F_Cu.gtl"

** (process:89272): CRITICAL **: 10:36:57.322: Unknown RS-274X extension found %TO% at line 2562 in file "/workspace/a3-control-center-pcb/manufacturing/generated/rev-a-audit/gerbers/dual_can_esp32-F_Cu.gtl"

** (process:89272): CRITICAL **: 10:36:57.322: Unknown RS-274X extension found %TO% at line 2584 in file "/workspace/a3-control-center-pcb/manufacturing/generated/rev-a-audit/gerbers/dual_can_esp32-F_Cu.gtl"

** (process:89272): CRITICAL **: 10:36:57.322: Unknown RS-274X extension found %TO% at line 2603 in file "/workspace/a3-control-center-pcb/manufacturing/generated/rev-a-audit/gerbers/dual_can_esp32-F_Cu.gtl"

** (process:89272): CRITICAL **: 10:36:57.323: Unknown RS-274X extension found %TO% at line 2611 in file "/workspace/a3-control-center-pcb/manufacturing/generated/rev-a-audit/gerbers/dual_can_esp32-F_Cu.gtl"

** (process:89272): CRITICAL **: 10:36:57.323: Unknown RS-274X extension found %TO% at line 2628 in file "/workspace/a3-control-center-pcb/manufacturing/generated/rev-a-audit/gerbers/dual_can_esp32-F_Cu.gtl"

** (process:89272): CRITICAL **: 10:36:57.323: Unknown RS-274X extension found %TO% at line 2637 in file "/workspace/a3-control-center-pcb/manufacturing/generated/rev-a-audit/gerbers/dual_can_esp32-F_Cu.gtl"

** (process:89272): CRITICAL **: 10:36:57.323: Unknown RS-274X extension found %TO% at line 2647 in file "/workspace/a3-control-center-pcb/manufacturing/generated/rev-a-audit/gerbers/dual_can_esp32-F_Cu.gtl"

** (process:89272): CRITICAL **: 10:36:57.323: Unknown RS-274X extension found %TO% at line 2659 in file "/workspace/a3-control-center-pcb/manufacturing/generated/rev-a-audit/gerbers/dual_can_esp32-F_Cu.gtl"

** (process:89272): CRITICAL **: 10:36:57.323: Unknown RS-274X extension found %TO% at line 2683 in file "/workspace/a3-control-center-pcb/manufacturing/generated/rev-a-audit/gerbers/dual_can_esp32-F_Cu.gtl"

** (process:89272): CRITICAL **: 10:36:57.323: Unknown RS-274X extension found %TO% at line 2695 in file "/workspace/a3-control-center-pcb/manufacturing/generated/rev-a-audit/gerbers/dual_can_esp32-F_Cu.gtl"

** (process:89272): CRITICAL **: 10:36:57.323: Unknown RS-274X extension found %TO% at line 2701 in file "/workspace/a3-control-center-pcb/manufacturing/generated/rev-a-audit/gerbers/dual_can_esp32-F_Cu.gtl"

** (process:89272): CRITICAL **: 10:36:57.323: Unknown RS-274X extension found %TO% at line 2728 in file "/workspace/a3-control-center-pcb/manufacturing/generated/rev-a-audit/gerbers/dual_can_esp32-F_Cu.gtl"

** (process:89272): CRITICAL **: 10:36:57.323: Unknown RS-274X extension found %TO% at line 2776 in file "/workspace/a3-control-center-pcb/manufacturing/generated/rev-a-audit/gerbers/dual_can_esp32-F_Cu.gtl"

** (process:89272): CRITICAL **: 10:36:57.323: Unknown RS-274X extension found %TO% at line 2802 in file "/workspace/a3-control-center-pcb/manufacturing/generated/rev-a-audit/gerbers/dual_can_esp32-F_Cu.gtl"

** (process:89272): CRITICAL **: 10:36:57.323: Unknown RS-274X extension found %TO% at line 2809 in file "/workspace/a3-control-center-pcb/manufacturing/generated/rev-a-audit/gerbers/dual_can_esp32-F_Cu.gtl"

** (process:89272): CRITICAL **: 10:36:57.323: Unknown RS-274X extension found %TO% at line 2851 in file "/workspace/a3-control-center-pcb/manufacturing/generated/rev-a-audit/gerbers/dual_can_esp32-F_Cu.gtl"

** (process:89272): CRITICAL **: 10:36:57.323: Unknown RS-274X extension found %TO% at line 2857 in file "/workspace/a3-control-center-pcb/manufacturing/generated/rev-a-audit/gerbers/dual_can_esp32-F_Cu.gtl"

** (process:89272): CRITICAL **: 10:36:57.323: Unknown RS-274X extension found %TO% at line 2874 in file "/workspace/a3-control-center-pcb/manufacturing/generated/rev-a-audit/gerbers/dual_can_esp32-F_Cu.gtl"

** (process:89272): CRITICAL **: 10:36:57.323: Unknown RS-274X extension found %TO% at line 2881 in file "/workspace/a3-control-center-pcb/manufacturing/generated/rev-a-audit/gerbers/dual_can_esp32-F_Cu.gtl"

** (process:89272): CRITICAL **: 10:36:57.323: Unknown RS-274X extension found %TO% at line 2894 in file "/workspace/a3-control-center-pcb/manufacturing/generated/rev-a-audit/gerbers/dual_can_esp32-F_Cu.gtl"

** (process:89272): CRITICAL **: 10:36:57.323: Unknown RS-274X extension found %TO% at line 2902 in file "/workspace/a3-control-center-pcb/manufacturing/generated/rev-a-audit/gerbers/dual_can_esp32-F_Cu.gtl"

** (process:89272): CRITICAL **: 10:36:57.323: Unknown RS-274X extension found %TO% at line 2909 in file "/workspace/a3-control-center-pcb/manufacturing/generated/rev-a-audit/gerbers/dual_can_esp32-F_Cu.gtl"

** (process:89272): CRITICAL **: 10:36:57.323: Unknown RS-274X extension found %TO% at line 2933 in file "/workspace/a3-control-center-pcb/manufacturing/generated/rev-a-audit/gerbers/dual_can_esp32-F_Cu.gtl"

** (process:89272): CRITICAL **: 10:36:57.324: Unknown RS-274X extension found %TO% at line 2968 in file "/workspace/a3-control-center-pcb/manufacturing/generated/rev-a-audit/gerbers/dual_can_esp32-F_Cu.gtl"

** (process:89272): CRITICAL **: 10:36:57.324: Unknown RS-274X extension found %TO% at line 2977 in file "/workspace/a3-control-center-pcb/manufacturing/generated/rev-a-audit/gerbers/dual_can_esp32-F_Cu.gtl"

** (process:89272): CRITICAL **: 10:36:57.324: Unknown RS-274X extension found %TO% at line 2986 in file "/workspace/a3-control-center-pcb/manufacturing/generated/rev-a-audit/gerbers/dual_can_esp32-F_Cu.gtl"

** (process:89272): CRITICAL **: 10:36:57.324: Unknown RS-274X extension found %TO% at line 2995 in file "/workspace/a3-control-center-pcb/manufacturing/generated/rev-a-audit/gerbers/dual_can_esp32-F_Cu.gtl"

** (process:89272): CRITICAL **: 10:36:57.324: Unknown RS-274X extension found %TO% at line 3000 in file "/workspace/a3-control-center-pcb/manufacturing/generated/rev-a-audit/gerbers/dual_can_esp32-F_Cu.gtl"

** (process:89272): CRITICAL **: 10:36:57.324: Unknown RS-274X extension found %TO% at line 3007 in file "/workspace/a3-control-center-pcb/manufacturing/generated/rev-a-audit/gerbers/dual_can_esp32-F_Cu.gtl"

** (process:89272): CRITICAL **: 10:36:57.324: Unknown RS-274X extension found %TO% at line 3035 in file "/workspace/a3-control-center-pcb/manufacturing/generated/rev-a-audit/gerbers/dual_can_esp32-F_Cu.gtl"

** (process:89272): CRITICAL **: 10:36:57.324: Unknown RS-274X extension found %TO% at line 3041 in file "/workspace/a3-control-center-pcb/manufacturing/generated/rev-a-audit/gerbers/dual_can_esp32-F_Cu.gtl"

** (process:89272): CRITICAL **: 10:36:57.324: Unknown RS-274X extension found %TO% at line 3048 in file "/workspace/a3-control-center-pcb/manufacturing/generated/rev-a-audit/gerbers/dual_can_esp32-F_Cu.gtl"

** (process:89272): CRITICAL **: 10:36:57.324: Unknown RS-274X extension found %TO% at line 3057 in file "/workspace/a3-control-center-pcb/manufacturing/generated/rev-a-audit/gerbers/dual_can_esp32-F_Cu.gtl"

** (process:89272): CRITICAL **: 10:36:57.324: Unknown RS-274X extension found %TO% at line 3064 in file "/workspace/a3-control-center-pcb/manufacturing/generated/rev-a-audit/gerbers/dual_can_esp32-F_Cu.gtl"

** (process:89272): CRITICAL **: 10:36:57.324: Unknown RS-274X extension found %TO% at line 3071 in file "/workspace/a3-control-center-pcb/manufacturing/generated/rev-a-audit/gerbers/dual_can_esp32-F_Cu.gtl"

** (process:89272): CRITICAL **: 10:36:57.324: Unknown RS-274X extension found %TO% at line 3079 in file "/workspace/a3-control-center-pcb/manufacturing/generated/rev-a-audit/gerbers/dual_can_esp32-F_Cu.gtl"

** (process:89272): CRITICAL **: 10:36:57.324: Unknown RS-274X extension found %TO% at line 3099 in file "/workspace/a3-control-center-pcb/manufacturing/generated/rev-a-audit/gerbers/dual_can_esp32-F_Cu.gtl"

** (process:89272): CRITICAL **: 10:36:57.324: Unknown RS-274X extension found %TO% at line 3104 in file "/workspace/a3-control-center-pcb/manufacturing/generated/rev-a-audit/gerbers/dual_can_esp32-F_Cu.gtl"

** (process:89272): CRITICAL **: 10:36:57.324: Unknown RS-274X extension found %TO% at line 3113 in file "/workspace/a3-control-center-pcb/manufacturing/generated/rev-a-audit/gerbers/dual_can_esp32-F_Cu.gtl"

** (process:89272): CRITICAL **: 10:36:57.324: Unknown RS-274X extension found %TO% at line 3120 in file "/workspace/a3-control-center-pcb/manufacturing/generated/rev-a-audit/gerbers/dual_can_esp32-F_Cu.gtl"

** (process:89272): CRITICAL **: 10:36:57.324: Unknown RS-274X extension found %TO% at line 3125 in file "/workspace/a3-control-center-pcb/manufacturing/generated/rev-a-audit/gerbers/dual_can_esp32-F_Cu.gtl"

** (process:89272): CRITICAL **: 10:36:57.324: Unknown RS-274X extension found %TO% at line 3128 in file "/workspace/a3-control-center-pcb/manufacturing/generated/rev-a-audit/gerbers/dual_can_esp32-F_Cu.gtl"

** (process:89272): CRITICAL **: 10:36:57.324: Unknown RS-274X extension found %TO% at line 3133 in file "/workspace/a3-control-center-pcb/manufacturing/generated/rev-a-audit/gerbers/dual_can_esp32-F_Cu.gtl"

** (process:89272): CRITICAL **: 10:36:57.324: Unknown RS-274X extension found %TO% at line 3140 in file "/workspace/a3-control-center-pcb/manufacturing/generated/rev-a-audit/gerbers/dual_can_esp32-F_Cu.gtl"

** (process:89272): CRITICAL **: 10:36:57.324: Unknown RS-274X extension found %TO% at line 3147 in file "/workspace/a3-control-center-pcb/manufacturing/generated/rev-a-audit/gerbers/dual_can_esp32-F_Cu.gtl"

** (process:89272): CRITICAL **: 10:36:57.325: Unknown RS-274X extension found %TO% at line 3154 in file "/workspace/a3-control-center-pcb/manufacturing/generated/rev-a-audit/gerbers/dual_can_esp32-F_Cu.gtl"

** (process:89272): CRITICAL **: 10:36:57.325: Unknown RS-274X extension found %TO% at line 3165 in file "/workspace/a3-control-center-pcb/manufacturing/generated/rev-a-audit/gerbers/dual_can_esp32-F_Cu.gtl"

** (process:89272): CRITICAL **: 10:36:57.325: Unknown RS-274X extension found %TO% at line 3176 in file "/workspace/a3-control-center-pcb/manufacturing/generated/rev-a-audit/gerbers/dual_can_esp32-F_Cu.gtl"

** (process:89272): CRITICAL **: 10:36:57.325: Unknown RS-274X extension found %TO% at line 3181 in file "/workspace/a3-control-center-pcb/manufacturing/generated/rev-a-audit/gerbers/dual_can_esp32-F_Cu.gtl"

** (process:89272): CRITICAL **: 10:36:57.325: Unknown RS-274X extension found %TO% at line 3188 in file "/workspace/a3-control-center-pcb/manufacturing/generated/rev-a-audit/gerbers/dual_can_esp32-F_Cu.gtl"

** (process:89272): CRITICAL **: 10:36:57.325: Unknown RS-274X extension found %TO% at line 3195 in file "/workspace/a3-control-center-pcb/manufacturing/generated/rev-a-audit/gerbers/dual_can_esp32-F_Cu.gtl"

** (process:89272): CRITICAL **: 10:36:57.325: Unknown RS-274X extension found %TO% at line 3200 in file "/workspace/a3-control-center-pcb/manufacturing/generated/rev-a-audit/gerbers/dual_can_esp32-F_Cu.gtl"

** (process:89272): CRITICAL **: 10:36:57.325: Unknown RS-274X extension found %TO% at line 3215 in file "/workspace/a3-control-center-pcb/manufacturing/generated/rev-a-audit/gerbers/dual_can_esp32-F_Cu.gtl"

** (process:89272): CRITICAL **: 10:36:57.325: Unknown RS-274X extension found %TO% at line 3226 in file "/workspace/a3-control-center-pcb/manufacturing/generated/rev-a-audit/gerbers/dual_can_esp32-F_Cu.gtl"

** (process:89272): CRITICAL **: 10:36:57.325: Unknown RS-274X extension found %TO% at line 3236 in file "/workspace/a3-control-center-pcb/manufacturing/generated/rev-a-audit/gerbers/dual_can_esp32-F_Cu.gtl"

** (process:89272): CRITICAL **: 10:36:57.325: Unknown RS-274X extension found %TO% at line 3244 in file "/workspace/a3-control-center-pcb/manufacturing/generated/rev-a-audit/gerbers/dual_can_esp32-F_Cu.gtl"

** (process:89272): CRITICAL **: 10:36:57.325: Unknown RS-274X extension found %TO% at line 3251 in file "/workspace/a3-control-center-pcb/manufacturing/generated/rev-a-audit/gerbers/dual_can_esp32-F_Cu.gtl"

** (process:89272): CRITICAL **: 10:36:57.325: Unknown RS-274X extension found %TO% at line 3260 in file "/workspace/a3-control-center-pcb/manufacturing/generated/rev-a-audit/gerbers/dual_can_esp32-F_Cu.gtl"

** (process:89272): CRITICAL **: 10:36:57.325: Unknown RS-274X extension found %TO% at line 3272 in file "/workspace/a3-control-center-pcb/manufacturing/generated/rev-a-audit/gerbers/dual_can_esp32-F_Cu.gtl"

** (process:89272): CRITICAL **: 10:36:57.325: Unknown RS-274X extension found %TO% at line 3278 in file "/workspace/a3-control-center-pcb/manufacturing/generated/rev-a-audit/gerbers/dual_can_esp32-F_Cu.gtl"

** (process:89272): CRITICAL **: 10:36:57.325: Unknown RS-274X extension found %TO% at line 3283 in file "/workspace/a3-control-center-pcb/manufacturing/generated/rev-a-audit/gerbers/dual_can_esp32-F_Cu.gtl"

** (process:89272): CRITICAL **: 10:36:57.325: Unknown RS-274X extension found %TO% at line 3300 in file "/workspace/a3-control-center-pcb/manufacturing/generated/rev-a-audit/gerbers/dual_can_esp32-F_Cu.gtl"

** (process:89272): CRITICAL **: 10:36:57.325: Unknown RS-274X extension found %TO% at line 3307 in file "/workspace/a3-control-center-pcb/manufacturing/generated/rev-a-audit/gerbers/dual_can_esp32-F_Cu.gtl"

** (process:89272): CRITICAL **: 10:36:57.325: Unknown RS-274X extension found %TO% at line 3312 in file "/workspace/a3-control-center-pcb/manufacturing/generated/rev-a-audit/gerbers/dual_can_esp32-F_Cu.gtl"

** (process:89272): CRITICAL **: 10:36:57.325: Unknown RS-274X extension found %TO% at line 3317 in file "/workspace/a3-control-center-pcb/manufacturing/generated/rev-a-audit/gerbers/dual_can_esp32-F_Cu.gtl"

** (process:89272): CRITICAL **: 10:36:57.326: Unknown RS-274X extension found %TO% at line 3328 in file "/workspace/a3-control-center-pcb/manufacturing/generated/rev-a-audit/gerbers/dual_can_esp32-F_Cu.gtl"

** (process:89272): CRITICAL **: 10:36:57.326: Unknown RS-274X extension found %TO% at line 3333 in file "/workspace/a3-control-center-pcb/manufacturing/generated/rev-a-audit/gerbers/dual_can_esp32-F_Cu.gtl"

** (process:89272): CRITICAL **: 10:36:57.326: Unknown RS-274X extension found %TO% at line 3343 in file "/workspace/a3-control-center-pcb/manufacturing/generated/rev-a-audit/gerbers/dual_can_esp32-F_Cu.gtl"

** (process:89272): CRITICAL **: 10:36:57.326: Unknown RS-274X extension found %TO% at line 3347 in file "/workspace/a3-control-center-pcb/manufacturing/generated/rev-a-audit/gerbers/dual_can_esp32-F_Cu.gtl"

** (process:89272): CRITICAL **: 10:36:57.326: Unknown RS-274X extension found %TO% at line 3354 in file "/workspace/a3-control-center-pcb/manufacturing/generated/rev-a-audit/gerbers/dual_can_esp32-F_Cu.gtl"

** (process:89272): CRITICAL **: 10:36:57.326: Unknown RS-274X extension found %TO% at line 3361 in file "/workspace/a3-control-center-pcb/manufacturing/generated/rev-a-audit/gerbers/dual_can_esp32-F_Cu.gtl"

** (process:89272): CRITICAL **: 10:36:57.326: Unknown RS-274X extension found %TO% at line 3370 in file "/workspace/a3-control-center-pcb/manufacturing/generated/rev-a-audit/gerbers/dual_can_esp32-F_Cu.gtl"

** (process:89272): CRITICAL **: 10:36:57.326: Unknown RS-274X extension found %TD% at line 3375 in file "/workspace/a3-control-center-pcb/manufacturing/generated/rev-a-audit/gerbers/dual_can_esp32-F_Cu.gtl"

** (process:89272): CRITICAL **: 10:36:57.326: Unknown RS-274X extension found %TF% at line 1 in file "/workspace/a3-control-center-pcb/manufacturing/generated/rev-a-audit/gerbers/dual_can_esp32-Edge_Cuts.gm1"

** (process:89272): CRITICAL **: 10:36:57.326: Unknown RS-274X extension found %TF% at line 2 in file "/workspace/a3-control-center-pcb/manufacturing/generated/rev-a-audit/gerbers/dual_can_esp32-Edge_Cuts.gm1"

** (process:89272): CRITICAL **: 10:36:57.326: Unknown RS-274X extension found %TF% at line 3 in file "/workspace/a3-control-center-pcb/manufacturing/generated/rev-a-audit/gerbers/dual_can_esp32-Edge_Cuts.gm1"

** (process:89272): CRITICAL **: 10:36:57.326: Unknown RS-274X extension found %TF% at line 4 in file "/workspace/a3-control-center-pcb/manufacturing/generated/rev-a-audit/gerbers/dual_can_esp32-Edge_Cuts.gm1"

** (process:89272): CRITICAL **: 10:36:57.326: Unknown RS-274X extension found %TF% at line 5 in file "/workspace/a3-control-center-pcb/manufacturing/generated/rev-a-audit/gerbers/dual_can_esp32-Edge_Cuts.gm1"

** (process:89272): CRITICAL **: 10:36:57.326: Unknown RS-274X extension found %TA% at line 13 in file "/workspace/a3-control-center-pcb/manufacturing/generated/rev-a-audit/gerbers/dual_can_esp32-Edge_Cuts.gm1"

** (process:89272): CRITICAL **: 10:36:57.326: Unknown RS-274X extension found %TD% at line 15 in file "/workspace/a3-control-center-pcb/manufacturing/generated/rev-a-audit/gerbers/dual_can_esp32-Edge_Cuts.gm1"
